=== bg_l3_loadsweep_off_vus2_run1 ===
rollout.argoproj.io "exp-bluegreen" deleted from demo namespace
service "exp-bg-active" deleted from demo namespace
service "exp-bg-preview" deleted from demo namespace
rollout.argoproj.io/exp-bluegreen created
service/exp-bg-active created
service/exp-bg-preview created
Progressing - updated replicas are still becoming available
Healthy
rollout.argoproj.io/exp-bluegreen configured
service/exp-bg-active unchanged
service/exp-bg-preview unchanged
Starting trial: bg_l3_loadsweep_off_vus2_run1
Progressing - active service cutover pending
Healthy
Trial finished: healthy in 76s
pod "k6-bg-l3-loadsweep-off-vus2-run1" deleted from demo namespace
=== bg_l3_loadsweep_off_vus2_run2 ===
rollout.argoproj.io "exp-bluegreen" deleted from demo namespace
service "exp-bg-active" deleted from demo namespace
service "exp-bg-preview" deleted from demo namespace
rollout.argoproj.io/exp-bluegreen created
service/exp-bg-active created
service/exp-bg-preview created
Progressing - updated replicas are still becoming available
Healthy
rollout.argoproj.io/exp-bluegreen configured
service/exp-bg-active unchanged
service/exp-bg-preview unchanged
Starting trial: bg_l3_loadsweep_off_vus2_run2
Progressing - active service cutover pending
Healthy
Trial finished: healthy in 81s
pod "k6-bg-l3-loadsweep-off-vus2-run2" deleted from demo namespace
=== bg_l3_loadsweep_off_vus2_run3 ===
rollout.argoproj.io "exp-bluegreen" deleted from demo namespace
service "exp-bg-active" deleted from demo namespace
service "exp-bg-preview" deleted from demo namespace
rollout.argoproj.io/exp-bluegreen created
service/exp-bg-active created
service/exp-bg-preview created
Progressing - updated replicas are still becoming available
Healthy
rollout.argoproj.io/exp-bluegreen configured
service/exp-bg-active unchanged
service/exp-bg-preview unchanged
Starting trial: bg_l3_loadsweep_off_vus2_run3
Progressing - active service cutover pending
Healthy
Trial finished: healthy in 75s
pod "k6-bg-l3-loadsweep-off-vus2-run3" deleted from demo namespace
=== bg_l3_loadsweep_off_vus2_run4 ===
rollout.argoproj.io "exp-bluegreen" deleted from demo namespace
service "exp-bg-active" deleted from demo namespace
service "exp-bg-preview" deleted from demo namespace
rollout.argoproj.io/exp-bluegreen created
service/exp-bg-active created
service/exp-bg-preview created
Progressing - updated replicas are still becoming available
Healthy
rollout.argoproj.io/exp-bluegreen configured
service/exp-bg-active unchanged
service/exp-bg-preview unchanged
Starting trial: bg_l3_loadsweep_off_vus2_run4
Progressing - active service cutover pending
Healthy
Trial finished: healthy in 75s
pod "k6-bg-l3-loadsweep-off-vus2-run4" deleted from demo namespace
=== bg_l3_loadsweep_off_vus2_run5 ===
rollout.argoproj.io "exp-bluegreen" deleted from demo namespace
service "exp-bg-active" deleted from demo namespace
service "exp-bg-preview" deleted from demo namespace
rollout.argoproj.io/exp-bluegreen created
service/exp-bg-active created
service/exp-bg-preview created
Progressing - updated replicas are still becoming available
Healthy
rollout.argoproj.io/exp-bluegreen configured
service/exp-bg-active unchanged
service/exp-bg-preview unchanged
Starting trial: bg_l3_loadsweep_off_vus2_run5
Progressing - active service cutover pending
Healthy
Trial finished: healthy in 76s
pod "k6-bg-l3-loadsweep-off-vus2-run5" deleted from demo namespace
=== bg_l3_loadsweep_off_vus2_run6 ===
rollout.argoproj.io "exp-bluegreen" deleted from demo namespace
service "exp-bg-active" deleted from demo namespace
service "exp-bg-preview" deleted from demo namespace
rollout.argoproj.io/exp-bluegreen created
service/exp-bg-active created
service/exp-bg-preview created
Progressing - updated replicas are still becoming available
Healthy
rollout.argoproj.io/exp-bluegreen configured
service/exp-bg-active unchanged
service/exp-bg-preview unchanged
Starting trial: bg_l3_loadsweep_off_vus2_run6
Progressing - active service cutover pending
Healthy
Trial finished: healthy in 76s
pod "k6-bg-l3-loadsweep-off-vus2-run6" deleted from demo namespace
=== bg_l3_loadsweep_off_vus2_run7 ===
rollout.argoproj.io "exp-bluegreen" deleted from demo namespace
service "exp-bg-active" deleted from demo namespace
service "exp-bg-preview" deleted from demo namespace
rollout.argoproj.io/exp-bluegreen created
service/exp-bg-active created
service/exp-bg-preview created
Progressing - updated replicas are still becoming available
Healthy
rollout.argoproj.io/exp-bluegreen configured
service/exp-bg-active unchanged
service/exp-bg-preview unchanged
Starting trial: bg_l3_loadsweep_off_vus2_run7
Progressing - active service cutover pending
Healthy
Trial finished: healthy in 75s
pod "k6-bg-l3-loadsweep-off-vus2-run7" deleted from demo namespace
=== bg_l3_loadsweep_off_vus2_run8 ===
rollout.argoproj.io "exp-bluegreen" deleted from demo namespace
service "exp-bg-active" deleted from demo namespace
service "exp-bg-preview" deleted from demo namespace
rollout.argoproj.io/exp-bluegreen created
service/exp-bg-active created
service/exp-bg-preview created
Progressing - updated replicas are still becoming available
Healthy
rollout.argoproj.io/exp-bluegreen configured
service/exp-bg-active unchanged
service/exp-bg-preview unchanged
Starting trial: bg_l3_loadsweep_off_vus2_run8
Progressing - active service cutover pending
Healthy
Trial finished: healthy in 76s
pod "k6-bg-l3-loadsweep-off-vus2-run8" deleted from demo namespace
=== bg_l3_loadsweep_off_vus2_run9 ===
rollout.argoproj.io "exp-bluegreen" deleted from demo namespace
service "exp-bg-active" deleted from demo namespace
service "exp-bg-preview" deleted from demo namespace
rollout.argoproj.io/exp-bluegreen created
service/exp-bg-active created
service/exp-bg-preview created
Progressing - updated replicas are still becoming available
Healthy
rollout.argoproj.io/exp-bluegreen configured
service/exp-bg-active unchanged
service/exp-bg-preview unchanged
Starting trial: bg_l3_loadsweep_off_vus2_run9
Progressing - active service cutover pending
Healthy
Trial finished: healthy in 81s
pod "k6-bg-l3-loadsweep-off-vus2-run9" deleted from demo namespace
=== bg_l3_loadsweep_off_vus2_run10 ===
rollout.argoproj.io "exp-bluegreen" deleted from demo namespace
service "exp-bg-active" deleted from demo namespace
service "exp-bg-preview" deleted from demo namespace
rollout.argoproj.io/exp-bluegreen created
service/exp-bg-active created
service/exp-bg-preview created
Progressing - updated replicas are still becoming available
Healthy
rollout.argoproj.io/exp-bluegreen configured
service/exp-bg-active unchanged
service/exp-bg-preview unchanged
Starting trial: bg_l3_loadsweep_off_vus2_run10
Progressing - active service cutover pending
Healthy
Trial finished: healthy in 76s
pod "k6-bg-l3-loadsweep-off-vus2-run10" deleted from demo namespace
=== bg_l3_loadsweep_off_vus2_run11 ===
rollout.argoproj.io "exp-bluegreen" deleted from demo namespace
service "exp-bg-active" deleted from demo namespace
service "exp-bg-preview" deleted from demo namespace
rollout.argoproj.io/exp-bluegreen created
service/exp-bg-active created
service/exp-bg-preview created
Progressing - updated replicas are still becoming available
Healthy
rollout.argoproj.io/exp-bluegreen configured
service/exp-bg-active unchanged
service/exp-bg-preview unchanged
Starting trial: bg_l3_loadsweep_off_vus2_run11
Progressing - active service cutover pending
Healthy
Trial finished: healthy in 75s
pod "k6-bg-l3-loadsweep-off-vus2-run11" deleted from demo namespace
=== bg_l3_loadsweep_off_vus2_run12 ===
rollout.argoproj.io "exp-bluegreen" deleted from demo namespace
service "exp-bg-active" deleted from demo namespace
service "exp-bg-preview" deleted from demo namespace
rollout.argoproj.io/exp-bluegreen created
service/exp-bg-active created
service/exp-bg-preview created
Progressing - updated replicas are still becoming available
Healthy
rollout.argoproj.io/exp-bluegreen configured
service/exp-bg-active unchanged
service/exp-bg-preview unchanged
Starting trial: bg_l3_loadsweep_off_vus2_run12
Progressing - active service cutover pending
Healthy
Trial finished: healthy in 76s
pod "k6-bg-l3-loadsweep-off-vus2-run12" deleted from demo namespace
=== bg_l3_loadsweep_off_vus2_run13 ===
rollout.argoproj.io "exp-bluegreen" deleted from demo namespace
service "exp-bg-active" deleted from demo namespace
service "exp-bg-preview" deleted from demo namespace
rollout.argoproj.io/exp-bluegreen created
service/exp-bg-active created
service/exp-bg-preview created
Progressing - updated replicas are still becoming available
Healthy
rollout.argoproj.io/exp-bluegreen configured
service/exp-bg-active unchanged
service/exp-bg-preview unchanged
Starting trial: bg_l3_loadsweep_off_vus2_run13
Progressing - active service cutover pending
Healthy
Trial finished: healthy in 76s
pod "k6-bg-l3-loadsweep-off-vus2-run13" deleted from demo namespace
=== bg_l3_loadsweep_off_vus2_run14 ===
rollout.argoproj.io "exp-bluegreen" deleted from demo namespace
service "exp-bg-active" deleted from demo namespace
service "exp-bg-preview" deleted from demo namespace
rollout.argoproj.io/exp-bluegreen created
service/exp-bg-active created
service/exp-bg-preview created
Progressing - updated replicas are still becoming available
Healthy
rollout.argoproj.io/exp-bluegreen configured
service/exp-bg-active unchanged
service/exp-bg-preview unchanged
Starting trial: bg_l3_loadsweep_off_vus2_run14
Progressing - active service cutover pending
Healthy
Trial finished: healthy in 76s
pod "k6-bg-l3-loadsweep-off-vus2-run14" deleted from demo namespace
=== bg_l3_loadsweep_off_vus2_run15 ===
rollout.argoproj.io "exp-bluegreen" deleted from demo namespace
service "exp-bg-active" deleted from demo namespace
service "exp-bg-preview" deleted from demo namespace
rollout.argoproj.io/exp-bluegreen created
service/exp-bg-active created
service/exp-bg-preview created
Progressing - updated replicas are still becoming available
Healthy
rollout.argoproj.io/exp-bluegreen configured
service/exp-bg-active unchanged
service/exp-bg-preview unchanged
Starting trial: bg_l3_loadsweep_off_vus2_run15
Progressing - active service cutover pending
Healthy
Trial finished: healthy in 75s
pod "k6-bg-l3-loadsweep-off-vus2-run15" deleted from demo namespace
=== bg_l3_loadsweep_off_vus2_run16 ===
rollout.argoproj.io "exp-bluegreen" deleted from demo namespace
service "exp-bg-active" deleted from demo namespace
service "exp-bg-preview" deleted from demo namespace
rollout.argoproj.io/exp-bluegreen created
service/exp-bg-active created
service/exp-bg-preview created
Progressing - updated replicas are still becoming available
Healthy
rollout.argoproj.io/exp-bluegreen configured
service/exp-bg-active unchanged
service/exp-bg-preview unchanged
Starting trial: bg_l3_loadsweep_off_vus2_run16
Progressing - active service cutover pending
Healthy
Trial finished: healthy in 76s
pod "k6-bg-l3-loadsweep-off-vus2-run16" deleted from demo namespace
=== bg_l3_loadsweep_off_vus2_run17 ===
rollout.argoproj.io "exp-bluegreen" deleted from demo namespace
service "exp-bg-active" deleted from demo namespace
service "exp-bg-preview" deleted from demo namespace
rollout.argoproj.io/exp-bluegreen created
service/exp-bg-active created
service/exp-bg-preview created
Progressing - updated replicas are still becoming available
Healthy
rollout.argoproj.io/exp-bluegreen configured
service/exp-bg-active unchanged
service/exp-bg-preview unchanged
Starting trial: bg_l3_loadsweep_off_vus2_run17
Progressing - active service cutover pending
Healthy
Trial finished: healthy in 76s
pod "k6-bg-l3-loadsweep-off-vus2-run17" deleted from demo namespace
=== bg_l3_loadsweep_off_vus2_run18 ===
rollout.argoproj.io "exp-bluegreen" deleted from demo namespace
service "exp-bg-active" deleted from demo namespace
service "exp-bg-preview" deleted from demo namespace
rollout.argoproj.io/exp-bluegreen created
service/exp-bg-active created
service/exp-bg-preview created
Progressing - updated replicas are still becoming available
Healthy
rollout.argoproj.io/exp-bluegreen configured
service/exp-bg-active unchanged
service/exp-bg-preview unchanged
Starting trial: bg_l3_loadsweep_off_vus2_run18
Progressing - active service cutover pending
Healthy
Trial finished: healthy in 80s
pod "k6-bg-l3-loadsweep-off-vus2-run18" deleted from demo namespace
=== bg_l3_loadsweep_off_vus2_run19 ===
rollout.argoproj.io "exp-bluegreen" deleted from demo namespace
service "exp-bg-active" deleted from demo namespace
service "exp-bg-preview" deleted from demo namespace
rollout.argoproj.io/exp-bluegreen created
service/exp-bg-active created
service/exp-bg-preview created
Progressing - updated replicas are still becoming available
Healthy
rollout.argoproj.io/exp-bluegreen configured
service/exp-bg-active unchanged
service/exp-bg-preview unchanged
Starting trial: bg_l3_loadsweep_off_vus2_run19
Progressing - active service cutover pending
Healthy
Trial finished: healthy in 75s
pod "k6-bg-l3-loadsweep-off-vus2-run19" deleted from demo namespace
=== bg_l3_loadsweep_off_vus2_run20 ===
rollout.argoproj.io "exp-bluegreen" deleted from demo namespace
service "exp-bg-active" deleted from demo namespace
service "exp-bg-preview" deleted from demo namespace
rollout.argoproj.io/exp-bluegreen created
service/exp-bg-active created
service/exp-bg-preview created
Progressing - updated replicas are still becoming available
Healthy
rollout.argoproj.io/exp-bluegreen configured
service/exp-bg-active unchanged
service/exp-bg-preview unchanged
Starting trial: bg_l3_loadsweep_off_vus2_run20
Progressing - active service cutover pending
Healthy
Trial finished: healthy in 76s
pod "k6-bg-l3-loadsweep-off-vus2-run20" deleted from demo namespace
=== bg_l3_loadsweep_off_vus10_run1 ===
rollout.argoproj.io "exp-bluegreen" deleted from demo namespace
service "exp-bg-active" deleted from demo namespace
service "exp-bg-preview" deleted from demo namespace
rollout.argoproj.io/exp-bluegreen created
service/exp-bg-active created
service/exp-bg-preview created
Progressing - updated replicas are still becoming available
Healthy
rollout.argoproj.io/exp-bluegreen configured
service/exp-bg-active unchanged
service/exp-bg-preview unchanged
Starting trial: bg_l3_loadsweep_off_vus10_run1
Progressing - active service cutover pending
Healthy
Trial finished: healthy in 81s
pod "k6-bg-l3-loadsweep-off-vus10-run1" deleted from demo namespace
=== bg_l3_loadsweep_off_vus10_run2 ===
rollout.argoproj.io "exp-bluegreen" deleted from demo namespace
service "exp-bg-active" deleted from demo namespace
service "exp-bg-preview" deleted from demo namespace
rollout.argoproj.io/exp-bluegreen created
service/exp-bg-active created
service/exp-bg-preview created
Progressing - updated replicas are still becoming available
Healthy
rollout.argoproj.io/exp-bluegreen configured
service/exp-bg-active unchanged
service/exp-bg-preview unchanged
Starting trial: bg_l3_loadsweep_off_vus10_run2
Progressing - active service cutover pending
Healthy
Trial finished: healthy in 75s
pod "k6-bg-l3-loadsweep-off-vus10-run2" deleted from demo namespace
=== bg_l3_loadsweep_off_vus10_run3 ===
rollout.argoproj.io "exp-bluegreen" deleted from demo namespace
service "exp-bg-active" deleted from demo namespace
service "exp-bg-preview" deleted from demo namespace
rollout.argoproj.io/exp-bluegreen created
service/exp-bg-active created
service/exp-bg-preview created
Progressing - updated replicas are still becoming available
Healthy
rollout.argoproj.io/exp-bluegreen configured
service/exp-bg-active unchanged
service/exp-bg-preview unchanged
Starting trial: bg_l3_loadsweep_off_vus10_run3
Progressing - active service cutover pending
Healthy
Trial finished: healthy in 75s
pod "k6-bg-l3-loadsweep-off-vus10-run3" deleted from demo namespace
=== bg_l3_loadsweep_off_vus10_run4 ===
rollout.argoproj.io "exp-bluegreen" deleted from demo namespace
service "exp-bg-active" deleted from demo namespace
service "exp-bg-preview" deleted from demo namespace
rollout.argoproj.io/exp-bluegreen created
service/exp-bg-active created
service/exp-bg-preview created
Progressing - updated replicas are still becoming available
Healthy
rollout.argoproj.io/exp-bluegreen configured
service/exp-bg-active unchanged
service/exp-bg-preview unchanged
Starting trial: bg_l3_loadsweep_off_vus10_run4
Progressing - active service cutover pending
Healthy
Trial finished: healthy in 81s
pod "k6-bg-l3-loadsweep-off-vus10-run4" deleted from demo namespace
=== bg_l3_loadsweep_off_vus10_run5 ===
rollout.argoproj.io "exp-bluegreen" deleted from demo namespace
service "exp-bg-active" deleted from demo namespace
service "exp-bg-preview" deleted from demo namespace
rollout.argoproj.io/exp-bluegreen created
service/exp-bg-active created
service/exp-bg-preview created
Progressing - updated replicas are still becoming available
Healthy
rollout.argoproj.io/exp-bluegreen configured
service/exp-bg-active unchanged
service/exp-bg-preview unchanged
Starting trial: bg_l3_loadsweep_off_vus10_run5
Progressing - active service cutover pending
Healthy
Trial finished: healthy in 81s
pod "k6-bg-l3-loadsweep-off-vus10-run5" deleted from demo namespace
=== bg_l3_loadsweep_off_vus10_run6 ===
rollout.argoproj.io "exp-bluegreen" deleted from demo namespace
service "exp-bg-active" deleted from demo namespace
service "exp-bg-preview" deleted from demo namespace
rollout.argoproj.io/exp-bluegreen created
service/exp-bg-active created
service/exp-bg-preview created
Progressing - updated replicas are still becoming available
Healthy
rollout.argoproj.io/exp-bluegreen configured
service/exp-bg-active unchanged
service/exp-bg-preview unchanged
Starting trial: bg_l3_loadsweep_off_vus10_run6
Progressing - active service cutover pending
Healthy
Trial finished: healthy in 75s
pod "k6-bg-l3-loadsweep-off-vus10-run6" deleted from demo namespace
=== bg_l3_loadsweep_off_vus10_run7 ===
rollout.argoproj.io "exp-bluegreen" deleted from demo namespace
service "exp-bg-active" deleted from demo namespace
service "exp-bg-preview" deleted from demo namespace
rollout.argoproj.io/exp-bluegreen created
service/exp-bg-active created
service/exp-bg-preview created
Progressing - updated replicas are still becoming available
Healthy
rollout.argoproj.io/exp-bluegreen configured
service/exp-bg-active unchanged
service/exp-bg-preview unchanged
Starting trial: bg_l3_loadsweep_off_vus10_run7
Progressing - active service cutover pending
Healthy
Trial finished: healthy in 81s
pod "k6-bg-l3-loadsweep-off-vus10-run7" deleted from demo namespace
=== bg_l3_loadsweep_off_vus10_run8 ===
rollout.argoproj.io "exp-bluegreen" deleted from demo namespace
service "exp-bg-active" deleted from demo namespace
service "exp-bg-preview" deleted from demo namespace
rollout.argoproj.io/exp-bluegreen created
service/exp-bg-active created
service/exp-bg-preview created
Progressing - updated replicas are still becoming available
Healthy
rollout.argoproj.io/exp-bluegreen configured
service/exp-bg-active unchanged
service/exp-bg-preview unchanged
Starting trial: bg_l3_loadsweep_off_vus10_run8
Progressing - active service cutover pending
Healthy
Trial finished: healthy in 76s
pod "k6-bg-l3-loadsweep-off-vus10-run8" deleted from demo namespace
=== bg_l3_loadsweep_off_vus10_run9 ===
rollout.argoproj.io "exp-bluegreen" deleted from demo namespace
service "exp-bg-active" deleted from demo namespace
service "exp-bg-preview" deleted from demo namespace
rollout.argoproj.io/exp-bluegreen created
service/exp-bg-active created
service/exp-bg-preview created
Progressing - updated replicas are still becoming available
Healthy
rollout.argoproj.io/exp-bluegreen configured
service/exp-bg-active unchanged
service/exp-bg-preview unchanged
Starting trial: bg_l3_loadsweep_off_vus10_run9
Progressing - active service cutover pending
Healthy
Trial finished: healthy in 76s
pod "k6-bg-l3-loadsweep-off-vus10-run9" deleted from demo namespace
=== bg_l3_loadsweep_off_vus10_run10 ===
rollout.argoproj.io "exp-bluegreen" deleted from demo namespace
service "exp-bg-active" deleted from demo namespace
service "exp-bg-preview" deleted from demo namespace
rollout.argoproj.io/exp-bluegreen created
service/exp-bg-active created
service/exp-bg-preview created
Progressing - updated replicas are still becoming available
Healthy
rollout.argoproj.io/exp-bluegreen configured
service/exp-bg-active unchanged
service/exp-bg-preview unchanged
Starting trial: bg_l3_loadsweep_off_vus10_run10
Progressing - active service cutover pending
Healthy
Trial finished: healthy in 75s
pod "k6-bg-l3-loadsweep-off-vus10-run10" deleted from demo namespace
=== bg_l3_loadsweep_off_vus10_run11 ===
rollout.argoproj.io "exp-bluegreen" deleted from demo namespace
service "exp-bg-active" deleted from demo namespace
service "exp-bg-preview" deleted from demo namespace
rollout.argoproj.io/exp-bluegreen created
service/exp-bg-active created
service/exp-bg-preview created
Progressing - updated replicas are still becoming available
Healthy
rollout.argoproj.io/exp-bluegreen configured
service/exp-bg-active unchanged
service/exp-bg-preview unchanged
Starting trial: bg_l3_loadsweep_off_vus10_run11
Progressing - active service cutover pending
Healthy
Trial finished: healthy in 76s
pod "k6-bg-l3-loadsweep-off-vus10-run11" deleted from demo namespace
=== bg_l3_loadsweep_off_vus10_run12 ===
rollout.argoproj.io "exp-bluegreen" deleted from demo namespace
service "exp-bg-active" deleted from demo namespace
service "exp-bg-preview" deleted from demo namespace
rollout.argoproj.io/exp-bluegreen created
service/exp-bg-active created
service/exp-bg-preview created
Progressing - updated replicas are still becoming available
Healthy
rollout.argoproj.io/exp-bluegreen configured
service/exp-bg-active unchanged
service/exp-bg-preview unchanged
Starting trial: bg_l3_loadsweep_off_vus10_run12
Progressing - active service cutover pending
Healthy
Trial finished: healthy in 76s
pod "k6-bg-l3-loadsweep-off-vus10-run12" deleted from demo namespace
=== bg_l3_loadsweep_off_vus10_run13 ===
rollout.argoproj.io "exp-bluegreen" deleted from demo namespace
service "exp-bg-active" deleted from demo namespace
service "exp-bg-preview" deleted from demo namespace
rollout.argoproj.io/exp-bluegreen created
service/exp-bg-active created
service/exp-bg-preview created
Progressing - updated replicas are still becoming available
Healthy
rollout.argoproj.io/exp-bluegreen configured
service/exp-bg-active unchanged
service/exp-bg-preview unchanged
Starting trial: bg_l3_loadsweep_off_vus10_run13
Progressing - active service cutover pending
Healthy
Trial finished: healthy in 76s
pod "k6-bg-l3-loadsweep-off-vus10-run13" deleted from demo namespace
=== bg_l3_loadsweep_off_vus10_run14 ===
rollout.argoproj.io "exp-bluegreen" deleted from demo namespace
service "exp-bg-active" deleted from demo namespace
service "exp-bg-preview" deleted from demo namespace
rollout.argoproj.io/exp-bluegreen created
service/exp-bg-active created
service/exp-bg-preview created
Progressing - updated replicas are still becoming available
Healthy
rollout.argoproj.io/exp-bluegreen configured
service/exp-bg-active unchanged
service/exp-bg-preview unchanged
Starting trial: bg_l3_loadsweep_off_vus10_run14
Progressing - active service cutover pending
Healthy
Trial finished: healthy in 75s
pod "k6-bg-l3-loadsweep-off-vus10-run14" deleted from demo namespace
=== bg_l3_loadsweep_off_vus10_run15 ===
rollout.argoproj.io "exp-bluegreen" deleted from demo namespace
service "exp-bg-active" deleted from demo namespace
service "exp-bg-preview" deleted from demo namespace
rollout.argoproj.io/exp-bluegreen created
service/exp-bg-active created
service/exp-bg-preview created
Progressing - updated replicas are still becoming available
Healthy
rollout.argoproj.io/exp-bluegreen configured
service/exp-bg-active unchanged
service/exp-bg-preview unchanged
Starting trial: bg_l3_loadsweep_off_vus10_run15
Progressing - active service cutover pending
Healthy
Trial finished: healthy in 76s
pod "k6-bg-l3-loadsweep-off-vus10-run15" deleted from demo namespace
=== bg_l3_loadsweep_off_vus10_run16 ===
rollout.argoproj.io "exp-bluegreen" deleted from demo namespace
service "exp-bg-active" deleted from demo namespace
service "exp-bg-preview" deleted from demo namespace
rollout.argoproj.io/exp-bluegreen created
service/exp-bg-active created
service/exp-bg-preview created
Progressing - updated replicas are still becoming available
Healthy
rollout.argoproj.io/exp-bluegreen configured
service/exp-bg-active unchanged
service/exp-bg-preview unchanged
Starting trial: bg_l3_loadsweep_off_vus10_run16
Progressing - active service cutover pending
Healthy
Trial finished: healthy in 81s
pod "k6-bg-l3-loadsweep-off-vus10-run16" deleted from demo namespace
=== bg_l3_loadsweep_off_vus10_run17 ===
rollout.argoproj.io "exp-bluegreen" deleted from demo namespace
service "exp-bg-active" deleted from demo namespace
service "exp-bg-preview" deleted from demo namespace
rollout.argoproj.io/exp-bluegreen created
service/exp-bg-active created
service/exp-bg-preview created
Progressing - updated replicas are still becoming available
Healthy
rollout.argoproj.io/exp-bluegreen configured
service/exp-bg-active unchanged
service/exp-bg-preview unchanged
Starting trial: bg_l3_loadsweep_off_vus10_run17
Progressing - active service cutover pending
Healthy
Trial finished: healthy in 75s
pod "k6-bg-l3-loadsweep-off-vus10-run17" deleted from demo namespace
=== bg_l3_loadsweep_off_vus10_run18 ===
rollout.argoproj.io "exp-bluegreen" deleted from demo namespace
service "exp-bg-active" deleted from demo namespace
service "exp-bg-preview" deleted from demo namespace
rollout.argoproj.io/exp-bluegreen created
service/exp-bg-active created
service/exp-bg-preview created
Progressing - updated replicas are still becoming available
Healthy
rollout.argoproj.io/exp-bluegreen configured
service/exp-bg-active unchanged
service/exp-bg-preview unchanged
Starting trial: bg_l3_loadsweep_off_vus10_run18
Progressing - active service cutover pending
Healthy
Trial finished: healthy in 80s
pod "k6-bg-l3-loadsweep-off-vus10-run18" deleted from demo namespace
=== bg_l3_loadsweep_off_vus10_run19 ===
rollout.argoproj.io "exp-bluegreen" deleted from demo namespace
service "exp-bg-active" deleted from demo namespace
service "exp-bg-preview" deleted from demo namespace
rollout.argoproj.io/exp-bluegreen created
service/exp-bg-active created
service/exp-bg-preview created
Progressing - updated replicas are still becoming available
Healthy
rollout.argoproj.io/exp-bluegreen configured
service/exp-bg-active unchanged
service/exp-bg-preview unchanged
Starting trial: bg_l3_loadsweep_off_vus10_run19
Progressing - active service cutover pending
Healthy
Trial finished: healthy in 76s
pod "k6-bg-l3-loadsweep-off-vus10-run19" deleted from demo namespace
=== bg_l3_loadsweep_off_vus10_run20 ===
rollout.argoproj.io "exp-bluegreen" deleted from demo namespace
service "exp-bg-active" deleted from demo namespace
service "exp-bg-preview" deleted from demo namespace
rollout.argoproj.io/exp-bluegreen created
service/exp-bg-active created
service/exp-bg-preview created
Progressing - updated replicas are still becoming available
Healthy
rollout.argoproj.io/exp-bluegreen configured
service/exp-bg-active unchanged
service/exp-bg-preview unchanged
Starting trial: bg_l3_loadsweep_off_vus10_run20
Progressing - active service cutover pending
Healthy
Trial finished: healthy in 76s
pod "k6-bg-l3-loadsweep-off-vus10-run20" deleted from demo namespace
=== bg_l3_loadsweep_off_vus30_run1 ===
rollout.argoproj.io "exp-bluegreen" deleted from demo namespace
service "exp-bg-active" deleted from demo namespace
service "exp-bg-preview" deleted from demo namespace
rollout.argoproj.io/exp-bluegreen created
service/exp-bg-active created
service/exp-bg-preview created
Progressing - updated replicas are still becoming available
Healthy
rollout.argoproj.io/exp-bluegreen configured
service/exp-bg-active unchanged
service/exp-bg-preview unchanged
Starting trial: bg_l3_loadsweep_off_vus30_run1
Progressing - active service cutover pending
Healthy
Trial finished: healthy in 75s
pod "k6-bg-l3-loadsweep-off-vus30-run1" deleted from demo namespace
=== bg_l3_loadsweep_off_vus30_run2 ===
rollout.argoproj.io "exp-bluegreen" deleted from demo namespace
service "exp-bg-active" deleted from demo namespace
service "exp-bg-preview" deleted from demo namespace
rollout.argoproj.io/exp-bluegreen created
service/exp-bg-active created
service/exp-bg-preview created
Progressing - updated replicas are still becoming available
Healthy
rollout.argoproj.io/exp-bluegreen configured
service/exp-bg-active unchanged
service/exp-bg-preview unchanged
Starting trial: bg_l3_loadsweep_off_vus30_run2
Progressing - active service cutover pending
Healthy
Trial finished: healthy in 80s
pod "k6-bg-l3-loadsweep-off-vus30-run2" deleted from demo namespace
=== bg_l3_loadsweep_off_vus30_run3 ===
rollout.argoproj.io "exp-bluegreen" deleted from demo namespace
service "exp-bg-active" deleted from demo namespace
service "exp-bg-preview" deleted from demo namespace
rollout.argoproj.io/exp-bluegreen created
service/exp-bg-active created
service/exp-bg-preview created
Progressing - updated replicas are still becoming available
Healthy
rollout.argoproj.io/exp-bluegreen configured
service/exp-bg-active unchanged
service/exp-bg-preview unchanged
Starting trial: bg_l3_loadsweep_off_vus30_run3
Progressing - active service cutover pending
Healthy
Trial finished: healthy in 76s
pod "k6-bg-l3-loadsweep-off-vus30-run3" deleted from demo namespace
=== bg_l3_loadsweep_off_vus30_run4 ===
rollout.argoproj.io "exp-bluegreen" deleted from demo namespace
service "exp-bg-active" deleted from demo namespace
service "exp-bg-preview" deleted from demo namespace
rollout.argoproj.io/exp-bluegreen created
service/exp-bg-active created
service/exp-bg-preview created
Progressing - updated replicas are still becoming available
Healthy
rollout.argoproj.io/exp-bluegreen configured
service/exp-bg-active unchanged
service/exp-bg-preview unchanged
Starting trial: bg_l3_loadsweep_off_vus30_run4
Progressing - active service cutover pending
Healthy
Trial finished: healthy in 81s
pod "k6-bg-l3-loadsweep-off-vus30-run4" deleted from demo namespace
=== bg_l3_loadsweep_off_vus30_run5 ===
rollout.argoproj.io "exp-bluegreen" deleted from demo namespace
service "exp-bg-active" deleted from demo namespace
service "exp-bg-preview" deleted from demo namespace
rollout.argoproj.io/exp-bluegreen created
service/exp-bg-active created
service/exp-bg-preview created
Progressing - updated replicas are still becoming available
Healthy
rollout.argoproj.io/exp-bluegreen configured
service/exp-bg-active unchanged
service/exp-bg-preview unchanged
Starting trial: bg_l3_loadsweep_off_vus30_run5
Progressing - active service cutover pending
Healthy
Trial finished: healthy in 75s
pod "k6-bg-l3-loadsweep-off-vus30-run5" deleted from demo namespace
=== bg_l3_loadsweep_off_vus30_run6 ===
rollout.argoproj.io "exp-bluegreen" deleted from demo namespace
service "exp-bg-active" deleted from demo namespace
service "exp-bg-preview" deleted from demo namespace
rollout.argoproj.io/exp-bluegreen created
service/exp-bg-active created
service/exp-bg-preview created
Progressing - updated replicas are still becoming available
Healthy
rollout.argoproj.io/exp-bluegreen configured
service/exp-bg-active unchanged
service/exp-bg-preview unchanged
Starting trial: bg_l3_loadsweep_off_vus30_run6
Progressing - active service cutover pending
Healthy
Trial finished: healthy in 76s
pod "k6-bg-l3-loadsweep-off-vus30-run6" deleted from demo namespace
=== bg_l3_loadsweep_off_vus30_run7 ===
rollout.argoproj.io "exp-bluegreen" deleted from demo namespace
service "exp-bg-active" deleted from demo namespace
service "exp-bg-preview" deleted from demo namespace
rollout.argoproj.io/exp-bluegreen created
service/exp-bg-active created
service/exp-bg-preview created
Progressing - updated replicas are still becoming available
Healthy
rollout.argoproj.io/exp-bluegreen configured
service/exp-bg-active unchanged
service/exp-bg-preview unchanged
Starting trial: bg_l3_loadsweep_off_vus30_run7
Progressing - active service cutover pending
Healthy
Trial finished: healthy in 76s
pod "k6-bg-l3-loadsweep-off-vus30-run7" deleted from demo namespace
=== bg_l3_loadsweep_off_vus30_run8 ===
rollout.argoproj.io "exp-bluegreen" deleted from demo namespace
service "exp-bg-active" deleted from demo namespace
service "exp-bg-preview" deleted from demo namespace
rollout.argoproj.io/exp-bluegreen created
service/exp-bg-active created
service/exp-bg-preview created
Progressing - updated replicas are still becoming available
Healthy
rollout.argoproj.io/exp-bluegreen configured
service/exp-bg-active unchanged
service/exp-bg-preview unchanged
Starting trial: bg_l3_loadsweep_off_vus30_run8
Progressing - active service cutover pending
Healthy
Trial finished: healthy in 76s
pod "k6-bg-l3-loadsweep-off-vus30-run8" deleted from demo namespace
=== bg_l3_loadsweep_off_vus30_run9 ===
rollout.argoproj.io "exp-bluegreen" deleted from demo namespace
service "exp-bg-active" deleted from demo namespace
service "exp-bg-preview" deleted from demo namespace
rollout.argoproj.io/exp-bluegreen created
service/exp-bg-active created
service/exp-bg-preview created
Progressing - updated replicas are still becoming available
Healthy
rollout.argoproj.io/exp-bluegreen configured
service/exp-bg-active unchanged
service/exp-bg-preview unchanged
Starting trial: bg_l3_loadsweep_off_vus30_run9
Progressing - active service cutover pending
Healthy
Trial finished: healthy in 80s
pod "k6-bg-l3-loadsweep-off-vus30-run9" deleted from demo namespace
=== bg_l3_loadsweep_off_vus30_run10 ===
rollout.argoproj.io "exp-bluegreen" deleted from demo namespace
service "exp-bg-active" deleted from demo namespace
service "exp-bg-preview" deleted from demo namespace
rollout.argoproj.io/exp-bluegreen created
service/exp-bg-active created
service/exp-bg-preview created
Progressing - updated replicas are still becoming available
Healthy
rollout.argoproj.io/exp-bluegreen configured
service/exp-bg-active unchanged
service/exp-bg-preview unchanged
Starting trial: bg_l3_loadsweep_off_vus30_run10
Progressing - active service cutover pending
Healthy
Trial finished: healthy in 76s
pod "k6-bg-l3-loadsweep-off-vus30-run10" deleted from demo namespace
=== bg_l3_loadsweep_off_vus30_run11 ===
rollout.argoproj.io "exp-bluegreen" deleted from demo namespace
service "exp-bg-active" deleted from demo namespace
service "exp-bg-preview" deleted from demo namespace
rollout.argoproj.io/exp-bluegreen created
service/exp-bg-active created
service/exp-bg-preview created
Progressing - updated replicas are still becoming available
Healthy
rollout.argoproj.io/exp-bluegreen configured
service/exp-bg-active unchanged
service/exp-bg-preview unchanged
Starting trial: bg_l3_loadsweep_off_vus30_run11
Progressing - active service cutover pending
Healthy
Trial finished: healthy in 81s
pod "k6-bg-l3-loadsweep-off-vus30-run11" deleted from demo namespace
=== bg_l3_loadsweep_off_vus30_run12 ===
rollout.argoproj.io "exp-bluegreen" deleted from demo namespace
service "exp-bg-active" deleted from demo namespace
service "exp-bg-preview" deleted from demo namespace
rollout.argoproj.io/exp-bluegreen created
service/exp-bg-active created
service/exp-bg-preview created
Progressing - updated replicas are still becoming available
Healthy
rollout.argoproj.io/exp-bluegreen configured
service/exp-bg-active unchanged
service/exp-bg-preview unchanged
Starting trial: bg_l3_loadsweep_off_vus30_run12
Progressing - active service cutover pending
Healthy
Trial finished: healthy in 75s
pod "k6-bg-l3-loadsweep-off-vus30-run12" deleted from demo namespace
=== bg_l3_loadsweep_off_vus30_run13 ===
rollout.argoproj.io "exp-bluegreen" deleted from demo namespace
service "exp-bg-active" deleted from demo namespace
service "exp-bg-preview" deleted from demo namespace
rollout.argoproj.io/exp-bluegreen created
service/exp-bg-active created
service/exp-bg-preview created
Progressing - updated replicas are still becoming available
Healthy
rollout.argoproj.io/exp-bluegreen configured
service/exp-bg-active unchanged
service/exp-bg-preview unchanged
Starting trial: bg_l3_loadsweep_off_vus30_run13
Progressing - active service cutover pending
Healthy
Trial finished: healthy in 75s
pod "k6-bg-l3-loadsweep-off-vus30-run13" deleted from demo namespace
=== bg_l3_loadsweep_off_vus30_run14 ===
rollout.argoproj.io "exp-bluegreen" deleted from demo namespace
service "exp-bg-active" deleted from demo namespace
service "exp-bg-preview" deleted from demo namespace
rollout.argoproj.io/exp-bluegreen created
service/exp-bg-active created
service/exp-bg-preview created
Progressing - updated replicas are still becoming available
Healthy
rollout.argoproj.io/exp-bluegreen configured
service/exp-bg-active unchanged
service/exp-bg-preview unchanged
Starting trial: bg_l3_loadsweep_off_vus30_run14
Progressing - active service cutover pending
Healthy
Trial finished: healthy in 76s
pod "k6-bg-l3-loadsweep-off-vus30-run14" deleted from demo namespace
=== bg_l3_loadsweep_off_vus30_run15 ===
rollout.argoproj.io "exp-bluegreen" deleted from demo namespace
service "exp-bg-active" deleted from demo namespace
service "exp-bg-preview" deleted from demo namespace
rollout.argoproj.io/exp-bluegreen created
service/exp-bg-active created
service/exp-bg-preview created
Progressing - updated replicas are still becoming available
Healthy
rollout.argoproj.io/exp-bluegreen configured
service/exp-bg-active unchanged
service/exp-bg-preview unchanged
Starting trial: bg_l3_loadsweep_off_vus30_run15
Progressing - active service cutover pending
Healthy
Trial finished: healthy in 76s
pod "k6-bg-l3-loadsweep-off-vus30-run15" deleted from demo namespace
=== bg_l3_loadsweep_off_vus30_run16 ===
rollout.argoproj.io "exp-bluegreen" deleted from demo namespace
service "exp-bg-active" deleted from demo namespace
service "exp-bg-preview" deleted from demo namespace
rollout.argoproj.io/exp-bluegreen created
service/exp-bg-active created
service/exp-bg-preview created
Progressing - updated replicas are still becoming available
Healthy
rollout.argoproj.io/exp-bluegreen configured
service/exp-bg-active unchanged
service/exp-bg-preview unchanged
Starting trial: bg_l3_loadsweep_off_vus30_run16
Progressing - active service cutover pending
Healthy
Trial finished: healthy in 75s
pod "k6-bg-l3-loadsweep-off-vus30-run16" deleted from demo namespace
=== bg_l3_loadsweep_off_vus30_run17 ===
rollout.argoproj.io "exp-bluegreen" deleted from demo namespace
service "exp-bg-active" deleted from demo namespace
service "exp-bg-preview" deleted from demo namespace
rollout.argoproj.io/exp-bluegreen created
service/exp-bg-active created
service/exp-bg-preview created
Progressing - updated replicas are still becoming available
Healthy
rollout.argoproj.io/exp-bluegreen configured
service/exp-bg-active unchanged
service/exp-bg-preview unchanged
Starting trial: bg_l3_loadsweep_off_vus30_run17
Progressing - active service cutover pending
Healthy
Trial finished: healthy in 80s
pod "k6-bg-l3-loadsweep-off-vus30-run17" deleted from demo namespace
=== bg_l3_loadsweep_off_vus30_run18 ===
rollout.argoproj.io "exp-bluegreen" deleted from demo namespace
service "exp-bg-active" deleted from demo namespace
service "exp-bg-preview" deleted from demo namespace
rollout.argoproj.io/exp-bluegreen created
service/exp-bg-active created
service/exp-bg-preview created
Progressing - updated replicas are still becoming available
Healthy
rollout.argoproj.io/exp-bluegreen configured
service/exp-bg-active unchanged
service/exp-bg-preview unchanged
Starting trial: bg_l3_loadsweep_off_vus30_run18
Progressing - active service cutover pending
Healthy
Trial finished: healthy in 81s
pod "k6-bg-l3-loadsweep-off-vus30-run18" deleted from demo namespace
=== bg_l3_loadsweep_off_vus30_run19 ===
rollout.argoproj.io "exp-bluegreen" deleted from demo namespace
service "exp-bg-active" deleted from demo namespace
service "exp-bg-preview" deleted from demo namespace
rollout.argoproj.io/exp-bluegreen created
service/exp-bg-active created
service/exp-bg-preview created
Progressing - updated replicas are still becoming available
Healthy
rollout.argoproj.io/exp-bluegreen configured
service/exp-bg-active unchanged
service/exp-bg-preview unchanged
Starting trial: bg_l3_loadsweep_off_vus30_run19
Progressing - active service cutover pending
Healthy
Trial finished: healthy in 81s
pod "k6-bg-l3-loadsweep-off-vus30-run19" deleted from demo namespace
=== bg_l3_loadsweep_off_vus30_run20 ===
rollout.argoproj.io "exp-bluegreen" deleted from demo namespace
service "exp-bg-active" deleted from demo namespace
service "exp-bg-preview" deleted from demo namespace
rollout.argoproj.io/exp-bluegreen created
service/exp-bg-active created
service/exp-bg-preview created
Progressing - updated replicas are still becoming available
Healthy
rollout.argoproj.io/exp-bluegreen configured
service/exp-bg-active unchanged
service/exp-bg-preview unchanged
Starting trial: bg_l3_loadsweep_off_vus30_run20
Progressing - active service cutover pending
Healthy
Trial finished: healthy in 80s
pod "k6-bg-l3-loadsweep-off-vus30-run20" deleted from demo namespace
=== bg_l3_loadsweep_errors_vus2_run1 ===
rollout.argoproj.io "exp-bluegreen" deleted from demo namespace
service "exp-bg-active" deleted from demo namespace
service "exp-bg-preview" deleted from demo namespace
rollout.argoproj.io/exp-bluegreen created
service/exp-bg-active created
service/exp-bg-preview created
Progressing - updated replicas are still becoming available
Healthy
rollout.argoproj.io/exp-bluegreen configured
service/exp-bg-active unchanged
service/exp-bg-preview unchanged
Starting trial: bg_l3_loadsweep_errors_vus2_run1
Progressing - active service cutover pending
Degraded - RolloutAborted: Rollout aborted update to revision 2: Blue/green pre-promotion analysis phase error/failed: Metric "k6-load-test" assessed Failed due to failed (1) > failureLimit (0)
Error: The rollout is in a degraded state with message: RolloutAborted: Rollout aborted update to revision 2: Blue/green pre-promotion analysis phase error/failed: Metric "k6-load-test" assessed Failed due to failed (1) > failureLimit (0)
Trial finished: failed_or_timeout in 31s
pod "k6-bg-l3-loadsweep-errors-vus2-run1" deleted from demo namespace
=== bg_l3_loadsweep_errors_vus2_run2 ===
rollout.argoproj.io "exp-bluegreen" deleted from demo namespace
service "exp-bg-active" deleted from demo namespace
service "exp-bg-preview" deleted from demo namespace
rollout.argoproj.io/exp-bluegreen created
service/exp-bg-active created
service/exp-bg-preview created
Progressing - updated replicas are still becoming available
Healthy
rollout.argoproj.io/exp-bluegreen configured
service/exp-bg-active unchanged
service/exp-bg-preview unchanged
Starting trial: bg_l3_loadsweep_errors_vus2_run2
Progressing - active service cutover pending
Degraded - RolloutAborted: Rollout aborted update to revision 2: Blue/green pre-promotion analysis phase error/failed: Metric "k6-load-test" assessed Failed due to failed (1) > failureLimit (0)
Error: The rollout is in a degraded state with message: RolloutAborted: Rollout aborted update to revision 2: Blue/green pre-promotion analysis phase error/failed: Metric "k6-load-test" assessed Failed due to failed (1) > failureLimit (0)
Trial finished: failed_or_timeout in 31s
pod "k6-bg-l3-loadsweep-errors-vus2-run2" deleted from demo namespace
=== bg_l3_loadsweep_errors_vus2_run3 ===
rollout.argoproj.io "exp-bluegreen" deleted from demo namespace
service "exp-bg-active" deleted from demo namespace
service "exp-bg-preview" deleted from demo namespace
rollout.argoproj.io/exp-bluegreen created
service/exp-bg-active created
service/exp-bg-preview created
Progressing - updated replicas are still becoming available
Healthy
rollout.argoproj.io/exp-bluegreen configured
service/exp-bg-active unchanged
service/exp-bg-preview unchanged
Starting trial: bg_l3_loadsweep_errors_vus2_run3
Progressing - active service cutover pending
Degraded - RolloutAborted: Rollout aborted update to revision 2: Blue/green pre-promotion analysis phase error/failed: Metric "k6-load-test" assessed Failed due to failed (1) > failureLimit (0)
Error: The rollout is in a degraded state with message: RolloutAborted: Rollout aborted update to revision 2: Blue/green pre-promotion analysis phase error/failed: Metric "k6-load-test" assessed Failed due to failed (1) > failureLimit (0)
Trial finished: failed_or_timeout in 36s
pod "k6-bg-l3-loadsweep-errors-vus2-run3" deleted from demo namespace
=== bg_l3_loadsweep_errors_vus2_run4 ===
rollout.argoproj.io "exp-bluegreen" deleted from demo namespace
service "exp-bg-active" deleted from demo namespace
service "exp-bg-preview" deleted from demo namespace
rollout.argoproj.io/exp-bluegreen created
service/exp-bg-active created
service/exp-bg-preview created
Progressing - updated replicas are still becoming available
Healthy
rollout.argoproj.io/exp-bluegreen configured
service/exp-bg-active unchanged
service/exp-bg-preview unchanged
Starting trial: bg_l3_loadsweep_errors_vus2_run4
Progressing - active service cutover pending
Degraded - RolloutAborted: Rollout aborted update to revision 2: Blue/green pre-promotion analysis phase error/failed: Metric "k6-load-test" assessed Failed due to failed (1) > failureLimit (0)
Error: The rollout is in a degraded state with message: RolloutAborted: Rollout aborted update to revision 2: Blue/green pre-promotion analysis phase error/failed: Metric "k6-load-test" assessed Failed due to failed (1) > failureLimit (0)
Trial finished: failed_or_timeout in 36s
pod "k6-bg-l3-loadsweep-errors-vus2-run4" deleted from demo namespace
=== bg_l3_loadsweep_errors_vus2_run5 ===
rollout.argoproj.io "exp-bluegreen" deleted from demo namespace
service "exp-bg-active" deleted from demo namespace
service "exp-bg-preview" deleted from demo namespace
rollout.argoproj.io/exp-bluegreen created
service/exp-bg-active created
service/exp-bg-preview created
Progressing - updated replicas are still becoming available
Healthy
rollout.argoproj.io/exp-bluegreen configured
service/exp-bg-active unchanged
service/exp-bg-preview unchanged
Starting trial: bg_l3_loadsweep_errors_vus2_run5
Progressing - active service cutover pending
Degraded - RolloutAborted: Rollout aborted update to revision 2: Blue/green pre-promotion analysis phase error/failed: Metric "k6-load-test" assessed Failed due to failed (1) > failureLimit (0)
Error: The rollout is in a degraded state with message: RolloutAborted: Rollout aborted update to revision 2: Blue/green pre-promotion analysis phase error/failed: Metric "k6-load-test" assessed Failed due to failed (1) > failureLimit (0)
Trial finished: failed_or_timeout in 30s
pod "k6-bg-l3-loadsweep-errors-vus2-run5" deleted from demo namespace
=== bg_l3_loadsweep_errors_vus2_run6 ===
rollout.argoproj.io "exp-bluegreen" deleted from demo namespace
service "exp-bg-active" deleted from demo namespace
service "exp-bg-preview" deleted from demo namespace
rollout.argoproj.io/exp-bluegreen created
service/exp-bg-active created
service/exp-bg-preview created
Progressing - updated replicas are still becoming available
Healthy
rollout.argoproj.io/exp-bluegreen configured
service/exp-bg-active unchanged
service/exp-bg-preview unchanged
Starting trial: bg_l3_loadsweep_errors_vus2_run6
Progressing - active service cutover pending
Degraded - RolloutAborted: Rollout aborted update to revision 2: Blue/green pre-promotion analysis phase error/failed: Metric "k6-load-test" assessed Failed due to failed (1) > failureLimit (0)
Error: The rollout is in a degraded state with message: RolloutAborted: Rollout aborted update to revision 2: Blue/green pre-promotion analysis phase error/failed: Metric "k6-load-test" assessed Failed due to failed (1) > failureLimit (0)
Trial finished: failed_or_timeout in 30s
pod "k6-bg-l3-loadsweep-errors-vus2-run6" deleted from demo namespace
=== bg_l3_loadsweep_errors_vus2_run7 ===
rollout.argoproj.io "exp-bluegreen" deleted from demo namespace
service "exp-bg-active" deleted from demo namespace
service "exp-bg-preview" deleted from demo namespace
rollout.argoproj.io/exp-bluegreen created
service/exp-bg-active created
service/exp-bg-preview created
Progressing - updated replicas are still becoming available
Healthy
rollout.argoproj.io/exp-bluegreen configured
service/exp-bg-active unchanged
service/exp-bg-preview unchanged
Starting trial: bg_l3_loadsweep_errors_vus2_run7
Progressing - active service cutover pending
Degraded - RolloutAborted: Rollout aborted update to revision 2: Blue/green pre-promotion analysis phase error/failed: Metric "k6-load-test" assessed Failed due to failed (1) > failureLimit (0)
Error: The rollout is in a degraded state with message: RolloutAborted: Rollout aborted update to revision 2: Blue/green pre-promotion analysis phase error/failed: Metric "k6-load-test" assessed Failed due to failed (1) > failureLimit (0)
Trial finished: failed_or_timeout in 30s
pod "k6-bg-l3-loadsweep-errors-vus2-run7" deleted from demo namespace
=== bg_l3_loadsweep_errors_vus2_run8 ===
rollout.argoproj.io "exp-bluegreen" deleted from demo namespace
service "exp-bg-active" deleted from demo namespace
service "exp-bg-preview" deleted from demo namespace
rollout.argoproj.io/exp-bluegreen created
service/exp-bg-active created
service/exp-bg-preview created
Progressing - updated replicas are still becoming available
Healthy
rollout.argoproj.io/exp-bluegreen configured
service/exp-bg-active unchanged
service/exp-bg-preview unchanged
Starting trial: bg_l3_loadsweep_errors_vus2_run8
Progressing - active service cutover pending
Degraded - RolloutAborted: Rollout aborted update to revision 2: Blue/green pre-promotion analysis phase error/failed: Metric "k6-load-test" assessed Failed due to failed (1) > failureLimit (0)
Error: The rollout is in a degraded state with message: RolloutAborted: Rollout aborted update to revision 2: Blue/green pre-promotion analysis phase error/failed: Metric "k6-load-test" assessed Failed due to failed (1) > failureLimit (0)
Trial finished: failed_or_timeout in 31s
pod "k6-bg-l3-loadsweep-errors-vus2-run8" deleted from demo namespace
=== bg_l3_loadsweep_errors_vus2_run9 ===
rollout.argoproj.io "exp-bluegreen" deleted from demo namespace
service "exp-bg-active" deleted from demo namespace
service "exp-bg-preview" deleted from demo namespace
rollout.argoproj.io/exp-bluegreen created
service/exp-bg-active created
service/exp-bg-preview created
Progressing - updated replicas are still becoming available
Healthy
rollout.argoproj.io/exp-bluegreen configured
service/exp-bg-active unchanged
service/exp-bg-preview unchanged
Starting trial: bg_l3_loadsweep_errors_vus2_run9
Progressing - active service cutover pending
Degraded - RolloutAborted: Rollout aborted update to revision 2: Blue/green pre-promotion analysis phase error/failed: Metric "k6-load-test" assessed Failed due to failed (1) > failureLimit (0)
Error: The rollout is in a degraded state with message: RolloutAborted: Rollout aborted update to revision 2: Blue/green pre-promotion analysis phase error/failed: Metric "k6-load-test" assessed Failed due to failed (1) > failureLimit (0)
Trial finished: failed_or_timeout in 31s
pod "k6-bg-l3-loadsweep-errors-vus2-run9" deleted from demo namespace
=== bg_l3_loadsweep_errors_vus2_run10 ===
rollout.argoproj.io "exp-bluegreen" deleted from demo namespace
service "exp-bg-active" deleted from demo namespace
service "exp-bg-preview" deleted from demo namespace
rollout.argoproj.io/exp-bluegreen created
service/exp-bg-active created
service/exp-bg-preview created
Progressing - updated replicas are still becoming available
Healthy
rollout.argoproj.io/exp-bluegreen configured
service/exp-bg-active unchanged
service/exp-bg-preview unchanged
Starting trial: bg_l3_loadsweep_errors_vus2_run10
Progressing - active service cutover pending
Degraded - RolloutAborted: Rollout aborted update to revision 2: Blue/green pre-promotion analysis phase error/failed: Metric "k6-load-test" assessed Failed due to failed (1) > failureLimit (0)
Error: The rollout is in a degraded state with message: RolloutAborted: Rollout aborted update to revision 2: Blue/green pre-promotion analysis phase error/failed: Metric "k6-load-test" assessed Failed due to failed (1) > failureLimit (0)
Trial finished: failed_or_timeout in 31s
pod "k6-bg-l3-loadsweep-errors-vus2-run10" deleted from demo namespace
=== bg_l3_loadsweep_errors_vus2_run11 ===
rollout.argoproj.io "exp-bluegreen" deleted from demo namespace
service "exp-bg-active" deleted from demo namespace
service "exp-bg-preview" deleted from demo namespace
rollout.argoproj.io/exp-bluegreen created
service/exp-bg-active created
service/exp-bg-preview created
Progressing - updated replicas are still becoming available
Healthy
rollout.argoproj.io/exp-bluegreen configured
service/exp-bg-active unchanged
service/exp-bg-preview unchanged
Starting trial: bg_l3_loadsweep_errors_vus2_run11
Progressing - active service cutover pending
Degraded - RolloutAborted: Rollout aborted update to revision 2: Blue/green pre-promotion analysis phase error/failed: Metric "k6-load-test" assessed Failed due to failed (1) > failureLimit (0)
Error: The rollout is in a degraded state with message: RolloutAborted: Rollout aborted update to revision 2: Blue/green pre-promotion analysis phase error/failed: Metric "k6-load-test" assessed Failed due to failed (1) > failureLimit (0)
Trial finished: failed_or_timeout in 31s
pod "k6-bg-l3-loadsweep-errors-vus2-run11" deleted from demo namespace
=== bg_l3_loadsweep_errors_vus2_run12 ===
rollout.argoproj.io "exp-bluegreen" deleted from demo namespace
service "exp-bg-active" deleted from demo namespace
service "exp-bg-preview" deleted from demo namespace
rollout.argoproj.io/exp-bluegreen created
service/exp-bg-active created
service/exp-bg-preview created
Progressing - updated replicas are still becoming available
Healthy
rollout.argoproj.io/exp-bluegreen configured
service/exp-bg-active unchanged
service/exp-bg-preview unchanged
Starting trial: bg_l3_loadsweep_errors_vus2_run12
Progressing - active service cutover pending
Degraded - RolloutAborted: Rollout aborted update to revision 2: Blue/green pre-promotion analysis phase error/failed: Metric "k6-load-test" assessed Failed due to failed (1) > failureLimit (0)
Error: The rollout is in a degraded state with message: RolloutAborted: Rollout aborted update to revision 2: Blue/green pre-promotion analysis phase error/failed: Metric "k6-load-test" assessed Failed due to failed (1) > failureLimit (0)
Trial finished: failed_or_timeout in 30s
pod "k6-bg-l3-loadsweep-errors-vus2-run12" deleted from demo namespace
=== bg_l3_loadsweep_errors_vus2_run13 ===
rollout.argoproj.io "exp-bluegreen" deleted from demo namespace
service "exp-bg-active" deleted from demo namespace
service "exp-bg-preview" deleted from demo namespace
rollout.argoproj.io/exp-bluegreen created
service/exp-bg-active created
service/exp-bg-preview created
Progressing - updated replicas are still becoming available
Healthy
rollout.argoproj.io/exp-bluegreen configured
service/exp-bg-active unchanged
service/exp-bg-preview unchanged
Starting trial: bg_l3_loadsweep_errors_vus2_run13
Progressing - active service cutover pending
Degraded - RolloutAborted: Rollout aborted update to revision 2: Blue/green pre-promotion analysis phase error/failed: Metric "k6-load-test" assessed Failed due to failed (1) > failureLimit (0)
Error: The rollout is in a degraded state with message: RolloutAborted: Rollout aborted update to revision 2: Blue/green pre-promotion analysis phase error/failed: Metric "k6-load-test" assessed Failed due to failed (1) > failureLimit (0)
Trial finished: failed_or_timeout in 35s
pod "k6-bg-l3-loadsweep-errors-vus2-run13" deleted from demo namespace
=== bg_l3_loadsweep_errors_vus2_run14 ===
rollout.argoproj.io "exp-bluegreen" deleted from demo namespace
service "exp-bg-active" deleted from demo namespace
service "exp-bg-preview" deleted from demo namespace
rollout.argoproj.io/exp-bluegreen created
service/exp-bg-active created
service/exp-bg-preview created
Progressing - updated replicas are still becoming available
Healthy
rollout.argoproj.io/exp-bluegreen configured
service/exp-bg-active unchanged
service/exp-bg-preview unchanged
Starting trial: bg_l3_loadsweep_errors_vus2_run14
Progressing - active service cutover pending
Degraded - RolloutAborted: Rollout aborted update to revision 2: Blue/green pre-promotion analysis phase error/failed: Metric "k6-load-test" assessed Failed due to failed (1) > failureLimit (0)
Error: The rollout is in a degraded state with message: RolloutAborted: Rollout aborted update to revision 2: Blue/green pre-promotion analysis phase error/failed: Metric "k6-load-test" assessed Failed due to failed (1) > failureLimit (0)
Trial finished: failed_or_timeout in 30s
pod "k6-bg-l3-loadsweep-errors-vus2-run14" deleted from demo namespace
=== bg_l3_loadsweep_errors_vus2_run15 ===
rollout.argoproj.io "exp-bluegreen" deleted from demo namespace
service "exp-bg-active" deleted from demo namespace
service "exp-bg-preview" deleted from demo namespace
rollout.argoproj.io/exp-bluegreen created
service/exp-bg-active created
service/exp-bg-preview created
Progressing - updated replicas are still becoming available
Healthy
rollout.argoproj.io/exp-bluegreen configured
service/exp-bg-active unchanged
service/exp-bg-preview unchanged
Starting trial: bg_l3_loadsweep_errors_vus2_run15
Progressing - active service cutover pending
Degraded - RolloutAborted: Rollout aborted update to revision 2: Blue/green pre-promotion analysis phase error/failed: Metric "k6-load-test" assessed Failed due to failed (1) > failureLimit (0)
Error: The rollout is in a degraded state with message: RolloutAborted: Rollout aborted update to revision 2: Blue/green pre-promotion analysis phase error/failed: Metric "k6-load-test" assessed Failed due to failed (1) > failureLimit (0)
Trial finished: failed_or_timeout in 31s
pod "k6-bg-l3-loadsweep-errors-vus2-run15" deleted from demo namespace
=== bg_l3_loadsweep_errors_vus2_run16 ===
rollout.argoproj.io "exp-bluegreen" deleted from demo namespace
service "exp-bg-active" deleted from demo namespace
service "exp-bg-preview" deleted from demo namespace
rollout.argoproj.io/exp-bluegreen created
service/exp-bg-active created
service/exp-bg-preview created
Progressing - updated replicas are still becoming available
Healthy
rollout.argoproj.io/exp-bluegreen configured
service/exp-bg-active unchanged
service/exp-bg-preview unchanged
Starting trial: bg_l3_loadsweep_errors_vus2_run16
Progressing - active service cutover pending
Degraded - RolloutAborted: Rollout aborted update to revision 2: Blue/green pre-promotion analysis phase error/failed: Metric "k6-load-test" assessed Failed due to failed (1) > failureLimit (0)
Error: The rollout is in a degraded state with message: RolloutAborted: Rollout aborted update to revision 2: Blue/green pre-promotion analysis phase error/failed: Metric "k6-load-test" assessed Failed due to failed (1) > failureLimit (0)
Trial finished: failed_or_timeout in 31s
pod "k6-bg-l3-loadsweep-errors-vus2-run16" deleted from demo namespace
=== bg_l3_loadsweep_errors_vus2_run17 ===
rollout.argoproj.io "exp-bluegreen" deleted from demo namespace
service "exp-bg-active" deleted from demo namespace
service "exp-bg-preview" deleted from demo namespace
rollout.argoproj.io/exp-bluegreen created
service/exp-bg-active created
service/exp-bg-preview created
Progressing - updated replicas are still becoming available
Healthy
rollout.argoproj.io/exp-bluegreen configured
service/exp-bg-active unchanged
service/exp-bg-preview unchanged
Starting trial: bg_l3_loadsweep_errors_vus2_run17
Progressing - active service cutover pending
Degraded - RolloutAborted: Rollout aborted update to revision 2: Blue/green pre-promotion analysis phase error/failed: Metric "k6-load-test" assessed Failed due to failed (1) > failureLimit (0)
Error: The rollout is in a degraded state with message: RolloutAborted: Rollout aborted update to revision 2: Blue/green pre-promotion analysis phase error/failed: Metric "k6-load-test" assessed Failed due to failed (1) > failureLimit (0)
Trial finished: failed_or_timeout in 31s
pod "k6-bg-l3-loadsweep-errors-vus2-run17" deleted from demo namespace
=== bg_l3_loadsweep_errors_vus2_run18 ===
rollout.argoproj.io "exp-bluegreen" deleted from demo namespace
service "exp-bg-active" deleted from demo namespace
service "exp-bg-preview" deleted from demo namespace
rollout.argoproj.io/exp-bluegreen created
service/exp-bg-active created
service/exp-bg-preview created
Progressing - updated replicas are still becoming available
Healthy
rollout.argoproj.io/exp-bluegreen configured
service/exp-bg-active unchanged
service/exp-bg-preview unchanged
Starting trial: bg_l3_loadsweep_errors_vus2_run18
Progressing - active service cutover pending
Degraded - RolloutAborted: Rollout aborted update to revision 2: Blue/green pre-promotion analysis phase error/failed: Metric "k6-load-test" assessed Failed due to failed (1) > failureLimit (0)
Error: The rollout is in a degraded state with message: RolloutAborted: Rollout aborted update to revision 2: Blue/green pre-promotion analysis phase error/failed: Metric "k6-load-test" assessed Failed due to failed (1) > failureLimit (0)
Trial finished: failed_or_timeout in 36s
pod "k6-bg-l3-loadsweep-errors-vus2-run18" deleted from demo namespace
=== bg_l3_loadsweep_errors_vus2_run19 ===
rollout.argoproj.io "exp-bluegreen" deleted from demo namespace
service "exp-bg-active" deleted from demo namespace
service "exp-bg-preview" deleted from demo namespace
rollout.argoproj.io/exp-bluegreen created
service/exp-bg-active created
service/exp-bg-preview created
Progressing - updated replicas are still becoming available
Healthy
rollout.argoproj.io/exp-bluegreen configured
service/exp-bg-active unchanged
service/exp-bg-preview unchanged
Starting trial: bg_l3_loadsweep_errors_vus2_run19
Progressing - active service cutover pending
Degraded - RolloutAborted: Rollout aborted update to revision 2: Blue/green pre-promotion analysis phase error/failed: Metric "k6-load-test" assessed Failed due to failed (1) > failureLimit (0)
Error: The rollout is in a degraded state with message: RolloutAborted: Rollout aborted update to revision 2: Blue/green pre-promotion analysis phase error/failed: Metric "k6-load-test" assessed Failed due to failed (1) > failureLimit (0)
Trial finished: failed_or_timeout in 30s
pod "k6-bg-l3-loadsweep-errors-vus2-run19" deleted from demo namespace
=== bg_l3_loadsweep_errors_vus2_run20 ===
rollout.argoproj.io "exp-bluegreen" deleted from demo namespace
service "exp-bg-active" deleted from demo namespace
service "exp-bg-preview" deleted from demo namespace
rollout.argoproj.io/exp-bluegreen created
service/exp-bg-active created
service/exp-bg-preview created
Progressing - updated replicas are still becoming available
Healthy
rollout.argoproj.io/exp-bluegreen configured
service/exp-bg-active unchanged
service/exp-bg-preview unchanged
Starting trial: bg_l3_loadsweep_errors_vus2_run20
Progressing - active service cutover pending
Degraded - RolloutAborted: Rollout aborted update to revision 2: Blue/green pre-promotion analysis phase error/failed: Metric "k6-load-test" assessed Failed due to failed (1) > failureLimit (0)
Error: The rollout is in a degraded state with message: RolloutAborted: Rollout aborted update to revision 2: Blue/green pre-promotion analysis phase error/failed: Metric "k6-load-test" assessed Failed due to failed (1) > failureLimit (0)
Trial finished: failed_or_timeout in 30s
pod "k6-bg-l3-loadsweep-errors-vus2-run20" deleted from demo namespace
=== bg_l3_loadsweep_errors_vus10_run1 ===
rollout.argoproj.io "exp-bluegreen" deleted from demo namespace
service "exp-bg-active" deleted from demo namespace
service "exp-bg-preview" deleted from demo namespace
rollout.argoproj.io/exp-bluegreen created
service/exp-bg-active created
service/exp-bg-preview created
Progressing - updated replicas are still becoming available
Healthy
rollout.argoproj.io/exp-bluegreen configured
service/exp-bg-active unchanged
service/exp-bg-preview unchanged
Starting trial: bg_l3_loadsweep_errors_vus10_run1
Progressing - active service cutover pending
Degraded - RolloutAborted: Rollout aborted update to revision 2: Blue/green pre-promotion analysis phase error/failed: Metric "k6-load-test" assessed Failed due to failed (1) > failureLimit (0)
Error: The rollout is in a degraded state with message: RolloutAborted: Rollout aborted update to revision 2: Blue/green pre-promotion analysis phase error/failed: Metric "k6-load-test" assessed Failed due to failed (1) > failureLimit (0)
Trial finished: failed_or_timeout in 31s
pod "k6-bg-l3-loadsweep-errors-vus10-run1" deleted from demo namespace
=== bg_l3_loadsweep_errors_vus10_run2 ===
rollout.argoproj.io "exp-bluegreen" deleted from demo namespace
service "exp-bg-active" deleted from demo namespace
service "exp-bg-preview" deleted from demo namespace
rollout.argoproj.io/exp-bluegreen created
service/exp-bg-active created
service/exp-bg-preview created
Progressing - updated replicas are still becoming available
Healthy
rollout.argoproj.io/exp-bluegreen configured
service/exp-bg-active unchanged
service/exp-bg-preview unchanged
Starting trial: bg_l3_loadsweep_errors_vus10_run2
Progressing - active service cutover pending
Degraded - RolloutAborted: Rollout aborted update to revision 2: Blue/green pre-promotion analysis phase error/failed: Metric "k6-load-test" assessed Failed due to failed (1) > failureLimit (0)
Error: The rollout is in a degraded state with message: RolloutAborted: Rollout aborted update to revision 2: Blue/green pre-promotion analysis phase error/failed: Metric "k6-load-test" assessed Failed due to failed (1) > failureLimit (0)
Trial finished: failed_or_timeout in 31s
pod "k6-bg-l3-loadsweep-errors-vus10-run2" deleted from demo namespace
=== bg_l3_loadsweep_errors_vus10_run3 ===
rollout.argoproj.io "exp-bluegreen" deleted from demo namespace
service "exp-bg-active" deleted from demo namespace
service "exp-bg-preview" deleted from demo namespace
rollout.argoproj.io/exp-bluegreen created
service/exp-bg-active created
service/exp-bg-preview created
Progressing - updated replicas are still becoming available
Healthy
rollout.argoproj.io/exp-bluegreen configured
service/exp-bg-active unchanged
service/exp-bg-preview unchanged
Starting trial: bg_l3_loadsweep_errors_vus10_run3
Progressing - active service cutover pending
Degraded - RolloutAborted: Rollout aborted update to revision 2: Blue/green pre-promotion analysis phase error/failed: Metric "k6-load-test" assessed Failed due to failed (1) > failureLimit (0)
Error: The rollout is in a degraded state with message: RolloutAborted: Rollout aborted update to revision 2: Blue/green pre-promotion analysis phase error/failed: Metric "k6-load-test" assessed Failed due to failed (1) > failureLimit (0)
Trial finished: failed_or_timeout in 36s
pod "k6-bg-l3-loadsweep-errors-vus10-run3" deleted from demo namespace
=== bg_l3_loadsweep_errors_vus10_run4 ===
rollout.argoproj.io "exp-bluegreen" deleted from demo namespace
service "exp-bg-active" deleted from demo namespace
service "exp-bg-preview" deleted from demo namespace
rollout.argoproj.io/exp-bluegreen created
service/exp-bg-active created
service/exp-bg-preview created
Progressing - updated replicas are still becoming available
Healthy
rollout.argoproj.io/exp-bluegreen configured
service/exp-bg-active unchanged
service/exp-bg-preview unchanged
Starting trial: bg_l3_loadsweep_errors_vus10_run4
Progressing - active service cutover pending
Degraded - RolloutAborted: Rollout aborted update to revision 2: Blue/green pre-promotion analysis phase error/failed: Metric "k6-load-test" assessed Failed due to failed (1) > failureLimit (0)
Error: The rollout is in a degraded state with message: RolloutAborted: Rollout aborted update to revision 2: Blue/green pre-promotion analysis phase error/failed: Metric "k6-load-test" assessed Failed due to failed (1) > failureLimit (0)
Trial finished: failed_or_timeout in 31s
pod "k6-bg-l3-loadsweep-errors-vus10-run4" deleted from demo namespace
=== bg_l3_loadsweep_errors_vus10_run5 ===
rollout.argoproj.io "exp-bluegreen" deleted from demo namespace
service "exp-bg-active" deleted from demo namespace
service "exp-bg-preview" deleted from demo namespace
rollout.argoproj.io/exp-bluegreen created
service/exp-bg-active created
service/exp-bg-preview created
Progressing - updated replicas are still becoming available
Healthy
rollout.argoproj.io/exp-bluegreen configured
service/exp-bg-active unchanged
service/exp-bg-preview unchanged
Starting trial: bg_l3_loadsweep_errors_vus10_run5
Progressing - active service cutover pending
Degraded - RolloutAborted: Rollout aborted update to revision 2: Blue/green pre-promotion analysis phase error/failed: Metric "k6-load-test" assessed Failed due to failed (1) > failureLimit (0)
Error: The rollout is in a degraded state with message: RolloutAborted: Rollout aborted update to revision 2: Blue/green pre-promotion analysis phase error/failed: Metric "k6-load-test" assessed Failed due to failed (1) > failureLimit (0)
Trial finished: failed_or_timeout in 31s
pod "k6-bg-l3-loadsweep-errors-vus10-run5" deleted from demo namespace
=== bg_l3_loadsweep_errors_vus10_run6 ===
rollout.argoproj.io "exp-bluegreen" deleted from demo namespace
service "exp-bg-active" deleted from demo namespace
service "exp-bg-preview" deleted from demo namespace
rollout.argoproj.io/exp-bluegreen created
service/exp-bg-active created
service/exp-bg-preview created
Progressing - updated replicas are still becoming available
Healthy
rollout.argoproj.io/exp-bluegreen configured
service/exp-bg-active unchanged
service/exp-bg-preview unchanged
Starting trial: bg_l3_loadsweep_errors_vus10_run6
Progressing - active service cutover pending
Degraded - RolloutAborted: Rollout aborted update to revision 2: Blue/green pre-promotion analysis phase error/failed: Metric "k6-load-test" assessed Failed due to failed (1) > failureLimit (0)
Error: The rollout is in a degraded state with message: RolloutAborted: Rollout aborted update to revision 2: Blue/green pre-promotion analysis phase error/failed: Metric "k6-load-test" assessed Failed due to failed (1) > failureLimit (0)
Trial finished: failed_or_timeout in 30s
pod "k6-bg-l3-loadsweep-errors-vus10-run6" deleted from demo namespace
=== bg_l3_loadsweep_errors_vus10_run7 ===
rollout.argoproj.io "exp-bluegreen" deleted from demo namespace
service "exp-bg-active" deleted from demo namespace
service "exp-bg-preview" deleted from demo namespace
rollout.argoproj.io/exp-bluegreen created
service/exp-bg-active created
service/exp-bg-preview created
Progressing - updated replicas are still becoming available
Healthy
rollout.argoproj.io/exp-bluegreen configured
service/exp-bg-active unchanged
service/exp-bg-preview unchanged
Starting trial: bg_l3_loadsweep_errors_vus10_run7
Progressing - active service cutover pending
Degraded - RolloutAborted: Rollout aborted update to revision 2: Blue/green pre-promotion analysis phase error/failed: Metric "k6-load-test" assessed Failed due to failed (1) > failureLimit (0)
Error: The rollout is in a degraded state with message: RolloutAborted: Rollout aborted update to revision 2: Blue/green pre-promotion analysis phase error/failed: Metric "k6-load-test" assessed Failed due to failed (1) > failureLimit (0)
Trial finished: failed_or_timeout in 30s
pod "k6-bg-l3-loadsweep-errors-vus10-run7" deleted from demo namespace
=== bg_l3_loadsweep_errors_vus10_run8 ===
rollout.argoproj.io "exp-bluegreen" deleted from demo namespace
service "exp-bg-active" deleted from demo namespace
service "exp-bg-preview" deleted from demo namespace
rollout.argoproj.io/exp-bluegreen created
service/exp-bg-active created
service/exp-bg-preview created
Progressing - updated replicas are still becoming available
Healthy
rollout.argoproj.io/exp-bluegreen configured
service/exp-bg-active unchanged
service/exp-bg-preview unchanged
Starting trial: bg_l3_loadsweep_errors_vus10_run8
Progressing - active service cutover pending
Degraded - RolloutAborted: Rollout aborted update to revision 2: Blue/green pre-promotion analysis phase error/failed: Metric "k6-load-test" assessed Failed due to failed (1) > failureLimit (0)
Error: The rollout is in a degraded state with message: RolloutAborted: Rollout aborted update to revision 2: Blue/green pre-promotion analysis phase error/failed: Metric "k6-load-test" assessed Failed due to failed (1) > failureLimit (0)
Trial finished: failed_or_timeout in 31s
pod "k6-bg-l3-loadsweep-errors-vus10-run8" deleted from demo namespace
=== bg_l3_loadsweep_errors_vus10_run9 ===
rollout.argoproj.io "exp-bluegreen" deleted from demo namespace
service "exp-bg-active" deleted from demo namespace
service "exp-bg-preview" deleted from demo namespace
rollout.argoproj.io/exp-bluegreen created
service/exp-bg-active created
service/exp-bg-preview created
Progressing - updated replicas are still becoming available
Healthy
rollout.argoproj.io/exp-bluegreen configured
service/exp-bg-active unchanged
service/exp-bg-preview unchanged
Starting trial: bg_l3_loadsweep_errors_vus10_run9
Progressing - active service cutover pending
Degraded - RolloutAborted: Rollout aborted update to revision 2: Blue/green pre-promotion analysis phase error/failed: Metric "k6-load-test" assessed Failed due to failed (1) > failureLimit (0)
Error: The rollout is in a degraded state with message: RolloutAborted: Rollout aborted update to revision 2: Blue/green pre-promotion analysis phase error/failed: Metric "k6-load-test" assessed Failed due to failed (1) > failureLimit (0)
Trial finished: failed_or_timeout in 36s
pod "k6-bg-l3-loadsweep-errors-vus10-run9" deleted from demo namespace
=== bg_l3_loadsweep_errors_vus10_run10 ===
rollout.argoproj.io "exp-bluegreen" deleted from demo namespace
service "exp-bg-active" deleted from demo namespace
service "exp-bg-preview" deleted from demo namespace
rollout.argoproj.io/exp-bluegreen created
service/exp-bg-active created
service/exp-bg-preview created
Progressing - updated replicas are still becoming available
Healthy
rollout.argoproj.io/exp-bluegreen configured
service/exp-bg-active unchanged
service/exp-bg-preview unchanged
Starting trial: bg_l3_loadsweep_errors_vus10_run10
Progressing - active service cutover pending
Degraded - RolloutAborted: Rollout aborted update to revision 2: Blue/green pre-promotion analysis phase error/failed: Metric "k6-load-test" assessed Failed due to failed (1) > failureLimit (0)
Error: The rollout is in a degraded state with message: RolloutAborted: Rollout aborted update to revision 2: Blue/green pre-promotion analysis phase error/failed: Metric "k6-load-test" assessed Failed due to failed (1) > failureLimit (0)
Trial finished: failed_or_timeout in 31s
pod "k6-bg-l3-loadsweep-errors-vus10-run10" deleted from demo namespace
=== bg_l3_loadsweep_errors_vus10_run11 ===
rollout.argoproj.io "exp-bluegreen" deleted from demo namespace
service "exp-bg-active" deleted from demo namespace
service "exp-bg-preview" deleted from demo namespace
rollout.argoproj.io/exp-bluegreen created
service/exp-bg-active created
service/exp-bg-preview created
Progressing - updated replicas are still becoming available
Healthy
rollout.argoproj.io/exp-bluegreen configured
service/exp-bg-active unchanged
service/exp-bg-preview unchanged
Starting trial: bg_l3_loadsweep_errors_vus10_run11
Progressing - active service cutover pending
Degraded - RolloutAborted: Rollout aborted update to revision 2: Blue/green pre-promotion analysis phase error/failed: Metric "k6-load-test" assessed Failed due to failed (1) > failureLimit (0)
Error: The rollout is in a degraded state with message: RolloutAborted: Rollout aborted update to revision 2: Blue/green pre-promotion analysis phase error/failed: Metric "k6-load-test" assessed Failed due to failed (1) > failureLimit (0)
Trial finished: failed_or_timeout in 31s
pod "k6-bg-l3-loadsweep-errors-vus10-run11" deleted from demo namespace
=== bg_l3_loadsweep_errors_vus10_run12 ===
rollout.argoproj.io "exp-bluegreen" deleted from demo namespace
service "exp-bg-active" deleted from demo namespace
service "exp-bg-preview" deleted from demo namespace
rollout.argoproj.io/exp-bluegreen created
service/exp-bg-active created
service/exp-bg-preview created
Progressing - updated replicas are still becoming available
Healthy
rollout.argoproj.io/exp-bluegreen configured
service/exp-bg-active unchanged
service/exp-bg-preview unchanged
Starting trial: bg_l3_loadsweep_errors_vus10_run12
Progressing - active service cutover pending
Degraded - RolloutAborted: Rollout aborted update to revision 2: Blue/green pre-promotion analysis phase error/failed: Metric "k6-load-test" assessed Failed due to failed (1) > failureLimit (0)
Error: The rollout is in a degraded state with message: RolloutAborted: Rollout aborted update to revision 2: Blue/green pre-promotion analysis phase error/failed: Metric "k6-load-test" assessed Failed due to failed (1) > failureLimit (0)
Trial finished: failed_or_timeout in 31s
pod "k6-bg-l3-loadsweep-errors-vus10-run12" deleted from demo namespace
=== bg_l3_loadsweep_errors_vus10_run13 ===
rollout.argoproj.io "exp-bluegreen" deleted from demo namespace
service "exp-bg-active" deleted from demo namespace
service "exp-bg-preview" deleted from demo namespace
rollout.argoproj.io/exp-bluegreen created
service/exp-bg-active created
service/exp-bg-preview created
Progressing - updated replicas are still becoming available
Healthy
rollout.argoproj.io/exp-bluegreen configured
service/exp-bg-active unchanged
service/exp-bg-preview unchanged
Starting trial: bg_l3_loadsweep_errors_vus10_run13
Progressing - active service cutover pending
Degraded - RolloutAborted: Rollout aborted update to revision 2: Blue/green pre-promotion analysis phase error/failed: Metric "k6-load-test" assessed Failed due to failed (1) > failureLimit (0)
Error: The rollout is in a degraded state with message: RolloutAborted: Rollout aborted update to revision 2: Blue/green pre-promotion analysis phase error/failed: Metric "k6-load-test" assessed Failed due to failed (1) > failureLimit (0)
Trial finished: failed_or_timeout in 30s
pod "k6-bg-l3-loadsweep-errors-vus10-run13" deleted from demo namespace
=== bg_l3_loadsweep_errors_vus10_run14 ===
rollout.argoproj.io "exp-bluegreen" deleted from demo namespace
service "exp-bg-active" deleted from demo namespace
service "exp-bg-preview" deleted from demo namespace
rollout.argoproj.io/exp-bluegreen created
service/exp-bg-active created
service/exp-bg-preview created
Progressing - updated replicas are still becoming available
Healthy
rollout.argoproj.io/exp-bluegreen configured
service/exp-bg-active unchanged
service/exp-bg-preview unchanged
Starting trial: bg_l3_loadsweep_errors_vus10_run14
Progressing - active service cutover pending
Degraded - RolloutAborted: Rollout aborted update to revision 2: Blue/green pre-promotion analysis phase error/failed: Metric "k6-load-test" assessed Failed due to failed (1) > failureLimit (0)
Error: The rollout is in a degraded state with message: RolloutAborted: Rollout aborted update to revision 2: Blue/green pre-promotion analysis phase error/failed: Metric "k6-load-test" assessed Failed due to failed (1) > failureLimit (0)
Trial finished: failed_or_timeout in 30s
pod "k6-bg-l3-loadsweep-errors-vus10-run14" deleted from demo namespace
=== bg_l3_loadsweep_errors_vus10_run15 ===
rollout.argoproj.io "exp-bluegreen" deleted from demo namespace
service "exp-bg-active" deleted from demo namespace
service "exp-bg-preview" deleted from demo namespace
rollout.argoproj.io/exp-bluegreen created
service/exp-bg-active created
service/exp-bg-preview created
Progressing - updated replicas are still becoming available
Healthy
rollout.argoproj.io/exp-bluegreen configured
service/exp-bg-active unchanged
service/exp-bg-preview unchanged
Starting trial: bg_l3_loadsweep_errors_vus10_run15
Progressing - active service cutover pending
Degraded - RolloutAborted: Rollout aborted update to revision 2: Blue/green pre-promotion analysis phase error/failed: Metric "k6-load-test" assessed Failed due to failed (1) > failureLimit (0)
Error: The rollout is in a degraded state with message: RolloutAborted: Rollout aborted update to revision 2: Blue/green pre-promotion analysis phase error/failed: Metric "k6-load-test" assessed Failed due to failed (1) > failureLimit (0)
Trial finished: failed_or_timeout in 31s
pod "k6-bg-l3-loadsweep-errors-vus10-run15" deleted from demo namespace
=== bg_l3_loadsweep_errors_vus10_run16 ===
rollout.argoproj.io "exp-bluegreen" deleted from demo namespace
service "exp-bg-active" deleted from demo namespace
service "exp-bg-preview" deleted from demo namespace
rollout.argoproj.io/exp-bluegreen created
service/exp-bg-active created
service/exp-bg-preview created
Progressing - updated replicas are still becoming available
Healthy
rollout.argoproj.io/exp-bluegreen configured
service/exp-bg-active unchanged
service/exp-bg-preview unchanged
Starting trial: bg_l3_loadsweep_errors_vus10_run16
Progressing - active service cutover pending
Degraded - RolloutAborted: Rollout aborted update to revision 2: Blue/green pre-promotion analysis phase error/failed: Metric "k6-load-test" assessed Failed due to failed (1) > failureLimit (0)
Error: The rollout is in a degraded state with message: RolloutAborted: Rollout aborted update to revision 2: Blue/green pre-promotion analysis phase error/failed: Metric "k6-load-test" assessed Failed due to failed (1) > failureLimit (0)
Trial finished: failed_or_timeout in 36s
pod "k6-bg-l3-loadsweep-errors-vus10-run16" deleted from demo namespace
=== bg_l3_loadsweep_errors_vus10_run17 ===
rollout.argoproj.io "exp-bluegreen" deleted from demo namespace
service "exp-bg-active" deleted from demo namespace
service "exp-bg-preview" deleted from demo namespace
rollout.argoproj.io/exp-bluegreen created
service/exp-bg-active created
service/exp-bg-preview created
Progressing - updated replicas are still becoming available
Healthy
rollout.argoproj.io/exp-bluegreen configured
service/exp-bg-active unchanged
service/exp-bg-preview unchanged
Starting trial: bg_l3_loadsweep_errors_vus10_run17
Progressing - active service cutover pending
Degraded - RolloutAborted: Rollout aborted update to revision 2: Blue/green pre-promotion analysis phase error/failed: Metric "k6-load-test" assessed Failed due to failed (1) > failureLimit (0)
Error: The rollout is in a degraded state with message: RolloutAborted: Rollout aborted update to revision 2: Blue/green pre-promotion analysis phase error/failed: Metric "k6-load-test" assessed Failed due to failed (1) > failureLimit (0)
Trial finished: failed_or_timeout in 31s
pod "k6-bg-l3-loadsweep-errors-vus10-run17" deleted from demo namespace
=== bg_l3_loadsweep_errors_vus10_run18 ===
rollout.argoproj.io "exp-bluegreen" deleted from demo namespace
service "exp-bg-active" deleted from demo namespace
service "exp-bg-preview" deleted from demo namespace
rollout.argoproj.io/exp-bluegreen created
service/exp-bg-active created
service/exp-bg-preview created
Progressing - updated replicas are still becoming available
Healthy
rollout.argoproj.io/exp-bluegreen configured
service/exp-bg-active unchanged
service/exp-bg-preview unchanged
Starting trial: bg_l3_loadsweep_errors_vus10_run18
Progressing - active service cutover pending
Degraded - RolloutAborted: Rollout aborted update to revision 2: Blue/green pre-promotion analysis phase error/failed: Metric "k6-load-test" assessed Failed due to failed (1) > failureLimit (0)
Error: The rollout is in a degraded state with message: RolloutAborted: Rollout aborted update to revision 2: Blue/green pre-promotion analysis phase error/failed: Metric "k6-load-test" assessed Failed due to failed (1) > failureLimit (0)
Trial finished: failed_or_timeout in 31s
pod "k6-bg-l3-loadsweep-errors-vus10-run18" deleted from demo namespace
=== bg_l3_loadsweep_errors_vus10_run19 ===
rollout.argoproj.io "exp-bluegreen" deleted from demo namespace
service "exp-bg-active" deleted from demo namespace
service "exp-bg-preview" deleted from demo namespace
rollout.argoproj.io/exp-bluegreen created
service/exp-bg-active created
service/exp-bg-preview created
Progressing - updated replicas are still becoming available
Healthy
rollout.argoproj.io/exp-bluegreen configured
service/exp-bg-active unchanged
service/exp-bg-preview unchanged
Starting trial: bg_l3_loadsweep_errors_vus10_run19
Progressing - active service cutover pending
Degraded - RolloutAborted: Rollout aborted update to revision 2: Blue/green pre-promotion analysis phase error/failed: Metric "k6-load-test" assessed Failed due to failed (1) > failureLimit (0)
Error: The rollout is in a degraded state with message: RolloutAborted: Rollout aborted update to revision 2: Blue/green pre-promotion analysis phase error/failed: Metric "k6-load-test" assessed Failed due to failed (1) > failureLimit (0)
Trial finished: failed_or_timeout in 36s
pod "k6-bg-l3-loadsweep-errors-vus10-run19" deleted from demo namespace
=== bg_l3_loadsweep_errors_vus10_run20 ===
rollout.argoproj.io "exp-bluegreen" deleted from demo namespace
service "exp-bg-active" deleted from demo namespace
service "exp-bg-preview" deleted from demo namespace
rollout.argoproj.io/exp-bluegreen created
service/exp-bg-active created
service/exp-bg-preview created
Progressing - updated replicas are still becoming available
Healthy
rollout.argoproj.io/exp-bluegreen configured
service/exp-bg-active unchanged
service/exp-bg-preview unchanged
Starting trial: bg_l3_loadsweep_errors_vus10_run20
Progressing - active service cutover pending
Degraded - RolloutAborted: Rollout aborted update to revision 2: Blue/green pre-promotion analysis phase error/failed: Metric "k6-load-test" assessed Failed due to failed (1) > failureLimit (0)
Error: The rollout is in a degraded state with message: RolloutAborted: Rollout aborted update to revision 2: Blue/green pre-promotion analysis phase error/failed: Metric "k6-load-test" assessed Failed due to failed (1) > failureLimit (0)
Trial finished: failed_or_timeout in 30s
pod "k6-bg-l3-loadsweep-errors-vus10-run20" deleted from demo namespace
=== bg_l3_loadsweep_errors_vus30_run1 ===
rollout.argoproj.io "exp-bluegreen" deleted from demo namespace
service "exp-bg-active" deleted from demo namespace
service "exp-bg-preview" deleted from demo namespace
rollout.argoproj.io/exp-bluegreen created
service/exp-bg-active created
service/exp-bg-preview created
Progressing - updated replicas are still becoming available
Healthy
rollout.argoproj.io/exp-bluegreen configured
service/exp-bg-active unchanged
service/exp-bg-preview unchanged
Starting trial: bg_l3_loadsweep_errors_vus30_run1
Progressing - active service cutover pending
Degraded - RolloutAborted: Rollout aborted update to revision 2: Blue/green pre-promotion analysis phase error/failed: Metric "k6-load-test" assessed Failed due to failed (1) > failureLimit (0)
Error: The rollout is in a degraded state with message: RolloutAborted: Rollout aborted update to revision 2: Blue/green pre-promotion analysis phase error/failed: Metric "k6-load-test" assessed Failed due to failed (1) > failureLimit (0)
Trial finished: failed_or_timeout in 35s
pod "k6-bg-l3-loadsweep-errors-vus30-run1" deleted from demo namespace
=== bg_l3_loadsweep_errors_vus30_run2 ===
rollout.argoproj.io "exp-bluegreen" deleted from demo namespace
service "exp-bg-active" deleted from demo namespace
service "exp-bg-preview" deleted from demo namespace
rollout.argoproj.io/exp-bluegreen created
service/exp-bg-active created
service/exp-bg-preview created
Progressing - updated replicas are still becoming available
Healthy
rollout.argoproj.io/exp-bluegreen configured
service/exp-bg-active unchanged
service/exp-bg-preview unchanged
Starting trial: bg_l3_loadsweep_errors_vus30_run2
Progressing - active service cutover pending
Degraded - RolloutAborted: Rollout aborted update to revision 2: Blue/green pre-promotion analysis phase error/failed: Metric "k6-load-test" assessed Failed due to failed (1) > failureLimit (0)
Error: The rollout is in a degraded state with message: RolloutAborted: Rollout aborted update to revision 2: Blue/green pre-promotion analysis phase error/failed: Metric "k6-load-test" assessed Failed due to failed (1) > failureLimit (0)
Trial finished: failed_or_timeout in 31s
pod "k6-bg-l3-loadsweep-errors-vus30-run2" deleted from demo namespace
=== bg_l3_loadsweep_errors_vus30_run3 ===
rollout.argoproj.io "exp-bluegreen" deleted from demo namespace
service "exp-bg-active" deleted from demo namespace
service "exp-bg-preview" deleted from demo namespace
rollout.argoproj.io/exp-bluegreen created
service/exp-bg-active created
service/exp-bg-preview created
Progressing - updated replicas are still becoming available
Healthy
rollout.argoproj.io/exp-bluegreen configured
service/exp-bg-active unchanged
service/exp-bg-preview unchanged
Starting trial: bg_l3_loadsweep_errors_vus30_run3
Progressing - active service cutover pending
Degraded - RolloutAborted: Rollout aborted update to revision 2: Blue/green pre-promotion analysis phase error/failed: Metric "k6-load-test" assessed Failed due to failed (1) > failureLimit (0)
Error: The rollout is in a degraded state with message: RolloutAborted: Rollout aborted update to revision 2: Blue/green pre-promotion analysis phase error/failed: Metric "k6-load-test" assessed Failed due to failed (1) > failureLimit (0)
Trial finished: failed_or_timeout in 31s
pod "k6-bg-l3-loadsweep-errors-vus30-run3" deleted from demo namespace
=== bg_l3_loadsweep_errors_vus30_run4 ===
rollout.argoproj.io "exp-bluegreen" deleted from demo namespace
service "exp-bg-active" deleted from demo namespace
service "exp-bg-preview" deleted from demo namespace
rollout.argoproj.io/exp-bluegreen created
service/exp-bg-active created
service/exp-bg-preview created
Progressing - updated replicas are still becoming available
Healthy
rollout.argoproj.io/exp-bluegreen configured
service/exp-bg-active unchanged
service/exp-bg-preview unchanged
Starting trial: bg_l3_loadsweep_errors_vus30_run4
Progressing - active service cutover pending
Degraded - RolloutAborted: Rollout aborted update to revision 2: Blue/green pre-promotion analysis phase error/failed: Metric "k6-load-test" assessed Failed due to failed (1) > failureLimit (0)
Error: The rollout is in a degraded state with message: RolloutAborted: Rollout aborted update to revision 2: Blue/green pre-promotion analysis phase error/failed: Metric "k6-load-test" assessed Failed due to failed (1) > failureLimit (0)
Trial finished: failed_or_timeout in 31s
pod "k6-bg-l3-loadsweep-errors-vus30-run4" deleted from demo namespace
=== bg_l3_loadsweep_errors_vus30_run5 ===
rollout.argoproj.io "exp-bluegreen" deleted from demo namespace
service "exp-bg-active" deleted from demo namespace
service "exp-bg-preview" deleted from demo namespace
rollout.argoproj.io/exp-bluegreen created
service/exp-bg-active created
service/exp-bg-preview created
Progressing - updated replicas are still becoming available
Healthy
rollout.argoproj.io/exp-bluegreen configured
service/exp-bg-active unchanged
service/exp-bg-preview unchanged
Starting trial: bg_l3_loadsweep_errors_vus30_run5
Progressing - active service cutover pending
Degraded - RolloutAborted: Rollout aborted update to revision 2: Blue/green pre-promotion analysis phase error/failed: Metric "k6-load-test" assessed Failed due to failed (1) > failureLimit (0)
Error: The rollout is in a degraded state with message: RolloutAborted: Rollout aborted update to revision 2: Blue/green pre-promotion analysis phase error/failed: Metric "k6-load-test" assessed Failed due to failed (1) > failureLimit (0)
Trial finished: failed_or_timeout in 31s
pod "k6-bg-l3-loadsweep-errors-vus30-run5" deleted from demo namespace
=== bg_l3_loadsweep_errors_vus30_run6 ===
rollout.argoproj.io "exp-bluegreen" deleted from demo namespace
service "exp-bg-active" deleted from demo namespace
service "exp-bg-preview" deleted from demo namespace
rollout.argoproj.io/exp-bluegreen created
service/exp-bg-active created
service/exp-bg-preview created
Progressing - updated replicas are still becoming available
Healthy
rollout.argoproj.io/exp-bluegreen configured
service/exp-bg-active unchanged
service/exp-bg-preview unchanged
Starting trial: bg_l3_loadsweep_errors_vus30_run6
Progressing - active service cutover pending
Degraded - RolloutAborted: Rollout aborted update to revision 2: Blue/green pre-promotion analysis phase error/failed: Metric "k6-load-test" assessed Failed due to failed (1) > failureLimit (0)
Error: The rollout is in a degraded state with message: RolloutAborted: Rollout aborted update to revision 2: Blue/green pre-promotion analysis phase error/failed: Metric "k6-load-test" assessed Failed due to failed (1) > failureLimit (0)
Trial finished: failed_or_timeout in 35s
pod "k6-bg-l3-loadsweep-errors-vus30-run6" deleted from demo namespace
=== bg_l3_loadsweep_errors_vus30_run7 ===
rollout.argoproj.io "exp-bluegreen" deleted from demo namespace
service "exp-bg-active" deleted from demo namespace
service "exp-bg-preview" deleted from demo namespace
rollout.argoproj.io/exp-bluegreen created
service/exp-bg-active created
service/exp-bg-preview created
Progressing - updated replicas are still becoming available
Healthy
rollout.argoproj.io/exp-bluegreen configured
service/exp-bg-active unchanged
service/exp-bg-preview unchanged
Starting trial: bg_l3_loadsweep_errors_vus30_run7
Progressing - active service cutover pending
Degraded - RolloutAborted: Rollout aborted update to revision 2: Blue/green pre-promotion analysis phase error/failed: Metric "k6-load-test" assessed Failed due to failed (1) > failureLimit (0)
Error: The rollout is in a degraded state with message: RolloutAborted: Rollout aborted update to revision 2: Blue/green pre-promotion analysis phase error/failed: Metric "k6-load-test" assessed Failed due to failed (1) > failureLimit (0)
Trial finished: failed_or_timeout in 30s
pod "k6-bg-l3-loadsweep-errors-vus30-run7" deleted from demo namespace
=== bg_l3_loadsweep_errors_vus30_run8 ===
rollout.argoproj.io "exp-bluegreen" deleted from demo namespace
service "exp-bg-active" deleted from demo namespace
service "exp-bg-preview" deleted from demo namespace
rollout.argoproj.io/exp-bluegreen created
service/exp-bg-active created
service/exp-bg-preview created
Progressing - updated replicas are still becoming available
Healthy
rollout.argoproj.io/exp-bluegreen configured
service/exp-bg-active unchanged
service/exp-bg-preview unchanged
Starting trial: bg_l3_loadsweep_errors_vus30_run8
Progressing - active service cutover pending
Degraded - RolloutAborted: Rollout aborted update to revision 2: Blue/green pre-promotion analysis phase error/failed: Metric "k6-load-test" assessed Failed due to failed (1) > failureLimit (0)
Error: The rollout is in a degraded state with message: RolloutAborted: Rollout aborted update to revision 2: Blue/green pre-promotion analysis phase error/failed: Metric "k6-load-test" assessed Failed due to failed (1) > failureLimit (0)
Trial finished: failed_or_timeout in 30s
pod "k6-bg-l3-loadsweep-errors-vus30-run8" deleted from demo namespace
=== bg_l3_loadsweep_errors_vus30_run9 ===
rollout.argoproj.io "exp-bluegreen" deleted from demo namespace
service "exp-bg-active" deleted from demo namespace
service "exp-bg-preview" deleted from demo namespace
rollout.argoproj.io/exp-bluegreen created
service/exp-bg-active created
service/exp-bg-preview created
Progressing - updated replicas are still becoming available
Healthy
rollout.argoproj.io/exp-bluegreen configured
service/exp-bg-active unchanged
service/exp-bg-preview unchanged
Starting trial: bg_l3_loadsweep_errors_vus30_run9
Progressing - active service cutover pending
Degraded - RolloutAborted: Rollout aborted update to revision 2: Blue/green pre-promotion analysis phase error/failed: Metric "k6-load-test" assessed Failed due to failed (1) > failureLimit (0)
Error: The rollout is in a degraded state with message: RolloutAborted: Rollout aborted update to revision 2: Blue/green pre-promotion analysis phase error/failed: Metric "k6-load-test" assessed Failed due to failed (1) > failureLimit (0)
Trial finished: failed_or_timeout in 31s
pod "k6-bg-l3-loadsweep-errors-vus30-run9" deleted from demo namespace
=== bg_l3_loadsweep_errors_vus30_run10 ===
rollout.argoproj.io "exp-bluegreen" deleted from demo namespace
service "exp-bg-active" deleted from demo namespace
service "exp-bg-preview" deleted from demo namespace
rollout.argoproj.io/exp-bluegreen created
service/exp-bg-active created
service/exp-bg-preview created
Progressing - updated replicas are still becoming available
Healthy
rollout.argoproj.io/exp-bluegreen configured
service/exp-bg-active unchanged
service/exp-bg-preview unchanged
Starting trial: bg_l3_loadsweep_errors_vus30_run10
Progressing - active service cutover pending
Degraded - RolloutAborted: Rollout aborted update to revision 2: Blue/green pre-promotion analysis phase error/failed: Metric "k6-load-test" assessed Failed due to failed (1) > failureLimit (0)
Error: The rollout is in a degraded state with message: RolloutAborted: Rollout aborted update to revision 2: Blue/green pre-promotion analysis phase error/failed: Metric "k6-load-test" assessed Failed due to failed (1) > failureLimit (0)
Trial finished: failed_or_timeout in 36s
pod "k6-bg-l3-loadsweep-errors-vus30-run10" deleted from demo namespace
=== bg_l3_loadsweep_errors_vus30_run11 ===
rollout.argoproj.io "exp-bluegreen" deleted from demo namespace
service "exp-bg-active" deleted from demo namespace
service "exp-bg-preview" deleted from demo namespace
rollout.argoproj.io/exp-bluegreen created
service/exp-bg-active created
service/exp-bg-preview created
Progressing - updated replicas are still becoming available
Healthy
rollout.argoproj.io/exp-bluegreen configured
service/exp-bg-active unchanged
service/exp-bg-preview unchanged
Starting trial: bg_l3_loadsweep_errors_vus30_run11
Progressing - active service cutover pending
Degraded - RolloutAborted: Rollout aborted update to revision 2: Blue/green pre-promotion analysis phase error/failed: Metric "k6-load-test" assessed Failed due to failed (1) > failureLimit (0)
Error: The rollout is in a degraded state with message: RolloutAborted: Rollout aborted update to revision 2: Blue/green pre-promotion analysis phase error/failed: Metric "k6-load-test" assessed Failed due to failed (1) > failureLimit (0)
Trial finished: failed_or_timeout in 36s
pod "k6-bg-l3-loadsweep-errors-vus30-run11" deleted from demo namespace
=== bg_l3_loadsweep_errors_vus30_run12 ===
rollout.argoproj.io "exp-bluegreen" deleted from demo namespace
service "exp-bg-active" deleted from demo namespace
service "exp-bg-preview" deleted from demo namespace
rollout.argoproj.io/exp-bluegreen created
service/exp-bg-active created
service/exp-bg-preview created
Progressing - updated replicas are still becoming available
Healthy
rollout.argoproj.io/exp-bluegreen configured
service/exp-bg-active unchanged
service/exp-bg-preview unchanged
Starting trial: bg_l3_loadsweep_errors_vus30_run12
Progressing - active service cutover pending
Degraded - RolloutAborted: Rollout aborted update to revision 2: Blue/green pre-promotion analysis phase error/failed: Metric "k6-load-test" assessed Failed due to failed (1) > failureLimit (0)
Error: The rollout is in a degraded state with message: RolloutAborted: Rollout aborted update to revision 2: Blue/green pre-promotion analysis phase error/failed: Metric "k6-load-test" assessed Failed due to failed (1) > failureLimit (0)
Trial finished: failed_or_timeout in 36s
pod "k6-bg-l3-loadsweep-errors-vus30-run12" deleted from demo namespace
=== bg_l3_loadsweep_errors_vus30_run13 ===
rollout.argoproj.io "exp-bluegreen" deleted from demo namespace
service "exp-bg-active" deleted from demo namespace
service "exp-bg-preview" deleted from demo namespace
rollout.argoproj.io/exp-bluegreen created
service/exp-bg-active created
service/exp-bg-preview created
Progressing - updated replicas are still becoming available
Healthy
rollout.argoproj.io/exp-bluegreen configured
service/exp-bg-active unchanged
service/exp-bg-preview unchanged
Starting trial: bg_l3_loadsweep_errors_vus30_run13
Progressing - active service cutover pending
Degraded - RolloutAborted: Rollout aborted update to revision 2: Blue/green pre-promotion analysis phase error/failed: Metric "k6-load-test" assessed Failed due to failed (1) > failureLimit (0)
Error: The rollout is in a degraded state with message: RolloutAborted: Rollout aborted update to revision 2: Blue/green pre-promotion analysis phase error/failed: Metric "k6-load-test" assessed Failed due to failed (1) > failureLimit (0)
Trial finished: failed_or_timeout in 30s
pod "k6-bg-l3-loadsweep-errors-vus30-run13" deleted from demo namespace
=== bg_l3_loadsweep_errors_vus30_run14 ===
rollout.argoproj.io "exp-bluegreen" deleted from demo namespace
service "exp-bg-active" deleted from demo namespace
service "exp-bg-preview" deleted from demo namespace
rollout.argoproj.io/exp-bluegreen created
service/exp-bg-active created
service/exp-bg-preview created
Progressing - updated replicas are still becoming available
Healthy
rollout.argoproj.io/exp-bluegreen configured
service/exp-bg-active unchanged
service/exp-bg-preview unchanged
Starting trial: bg_l3_loadsweep_errors_vus30_run14
Progressing - active service cutover pending
Degraded - RolloutAborted: Rollout aborted update to revision 2: Blue/green pre-promotion analysis phase error/failed: Metric "k6-load-test" assessed Failed due to failed (1) > failureLimit (0)
Error: The rollout is in a degraded state with message: RolloutAborted: Rollout aborted update to revision 2: Blue/green pre-promotion analysis phase error/failed: Metric "k6-load-test" assessed Failed due to failed (1) > failureLimit (0)
Trial finished: failed_or_timeout in 30s
pod "k6-bg-l3-loadsweep-errors-vus30-run14" deleted from demo namespace
=== bg_l3_loadsweep_errors_vus30_run15 ===
rollout.argoproj.io "exp-bluegreen" deleted from demo namespace
service "exp-bg-active" deleted from demo namespace
service "exp-bg-preview" deleted from demo namespace
rollout.argoproj.io/exp-bluegreen created
service/exp-bg-active created
service/exp-bg-preview created
Progressing - updated replicas are still becoming available
Healthy
rollout.argoproj.io/exp-bluegreen configured
service/exp-bg-active unchanged
service/exp-bg-preview unchanged
Starting trial: bg_l3_loadsweep_errors_vus30_run15
Progressing - active service cutover pending
Degraded - RolloutAborted: Rollout aborted update to revision 2: Blue/green pre-promotion analysis phase error/failed: Metric "k6-load-test" assessed Failed due to failed (1) > failureLimit (0)
Error: The rollout is in a degraded state with message: RolloutAborted: Rollout aborted update to revision 2: Blue/green pre-promotion analysis phase error/failed: Metric "k6-load-test" assessed Failed due to failed (1) > failureLimit (0)
Trial finished: failed_or_timeout in 30s
pod "k6-bg-l3-loadsweep-errors-vus30-run15" deleted from demo namespace
=== bg_l3_loadsweep_errors_vus30_run16 ===
rollout.argoproj.io "exp-bluegreen" deleted from demo namespace
service "exp-bg-active" deleted from demo namespace
service "exp-bg-preview" deleted from demo namespace
rollout.argoproj.io/exp-bluegreen created
service/exp-bg-active created
service/exp-bg-preview created
Progressing - updated replicas are still becoming available
Healthy
rollout.argoproj.io/exp-bluegreen configured
service/exp-bg-active unchanged
service/exp-bg-preview unchanged
Starting trial: bg_l3_loadsweep_errors_vus30_run16
Progressing - active service cutover pending
Degraded - RolloutAborted: Rollout aborted update to revision 2: Blue/green pre-promotion analysis phase error/failed: Metric "k6-load-test" assessed Failed due to failed (1) > failureLimit (0)
Error: The rollout is in a degraded state with message: RolloutAborted: Rollout aborted update to revision 2: Blue/green pre-promotion analysis phase error/failed: Metric "k6-load-test" assessed Failed due to failed (1) > failureLimit (0)
Trial finished: failed_or_timeout in 31s
pod "k6-bg-l3-loadsweep-errors-vus30-run16" deleted from demo namespace
=== bg_l3_loadsweep_errors_vus30_run17 ===
rollout.argoproj.io "exp-bluegreen" deleted from demo namespace
service "exp-bg-active" deleted from demo namespace
service "exp-bg-preview" deleted from demo namespace
rollout.argoproj.io/exp-bluegreen created
service/exp-bg-active created
service/exp-bg-preview created
Progressing - updated replicas are still becoming available
Healthy
rollout.argoproj.io/exp-bluegreen configured
service/exp-bg-active unchanged
service/exp-bg-preview unchanged
Starting trial: bg_l3_loadsweep_errors_vus30_run17
Progressing - active service cutover pending
Degraded - RolloutAborted: Rollout aborted update to revision 2: Blue/green pre-promotion analysis phase error/failed: Metric "k6-load-test" assessed Failed due to failed (1) > failureLimit (0)
Error: The rollout is in a degraded state with message: RolloutAborted: Rollout aborted update to revision 2: Blue/green pre-promotion analysis phase error/failed: Metric "k6-load-test" assessed Failed due to failed (1) > failureLimit (0)
Trial finished: failed_or_timeout in 31s
pod "k6-bg-l3-loadsweep-errors-vus30-run17" deleted from demo namespace
=== bg_l3_loadsweep_errors_vus30_run18 ===
rollout.argoproj.io "exp-bluegreen" deleted from demo namespace
service "exp-bg-active" deleted from demo namespace
service "exp-bg-preview" deleted from demo namespace
rollout.argoproj.io/exp-bluegreen created
service/exp-bg-active created
service/exp-bg-preview created
Progressing - updated replicas are still becoming available
Healthy
rollout.argoproj.io/exp-bluegreen configured
service/exp-bg-active unchanged
service/exp-bg-preview unchanged
Starting trial: bg_l3_loadsweep_errors_vus30_run18
Progressing - active service cutover pending
Degraded - RolloutAborted: Rollout aborted update to revision 2: Blue/green pre-promotion analysis phase error/failed: Metric "k6-load-test" assessed Failed due to failed (1) > failureLimit (0)
Error: The rollout is in a degraded state with message: RolloutAborted: Rollout aborted update to revision 2: Blue/green pre-promotion analysis phase error/failed: Metric "k6-load-test" assessed Failed due to failed (1) > failureLimit (0)
Trial finished: failed_or_timeout in 36s
pod "k6-bg-l3-loadsweep-errors-vus30-run18" deleted from demo namespace
=== bg_l3_loadsweep_errors_vus30_run19 ===
rollout.argoproj.io "exp-bluegreen" deleted from demo namespace
service "exp-bg-active" deleted from demo namespace
service "exp-bg-preview" deleted from demo namespace
rollout.argoproj.io/exp-bluegreen created
service/exp-bg-active created
service/exp-bg-preview created
Progressing - updated replicas are still becoming available
Healthy
rollout.argoproj.io/exp-bluegreen configured
service/exp-bg-active unchanged
service/exp-bg-preview unchanged
Starting trial: bg_l3_loadsweep_errors_vus30_run19
Progressing - active service cutover pending
Degraded - RolloutAborted: Rollout aborted update to revision 2: Blue/green pre-promotion analysis phase error/failed: Metric "k6-load-test" assessed Failed due to failed (1) > failureLimit (0)
Error: The rollout is in a degraded state with message: RolloutAborted: Rollout aborted update to revision 2: Blue/green pre-promotion analysis phase error/failed: Metric "k6-load-test" assessed Failed due to failed (1) > failureLimit (0)
Trial finished: failed_or_timeout in 36s
pod "k6-bg-l3-loadsweep-errors-vus30-run19" deleted from demo namespace
=== bg_l3_loadsweep_errors_vus30_run20 ===
rollout.argoproj.io "exp-bluegreen" deleted from demo namespace
service "exp-bg-active" deleted from demo namespace
service "exp-bg-preview" deleted from demo namespace
rollout.argoproj.io/exp-bluegreen created
service/exp-bg-active created
service/exp-bg-preview created
Progressing - updated replicas are still becoming available
Healthy
rollout.argoproj.io/exp-bluegreen configured
service/exp-bg-active unchanged
service/exp-bg-preview unchanged
Starting trial: bg_l3_loadsweep_errors_vus30_run20
Progressing - active service cutover pending
Degraded - RolloutAborted: Rollout aborted update to revision 2: Blue/green pre-promotion analysis phase error/failed: Metric "k6-load-test" assessed Failed due to failed (1) > failureLimit (0)
Error: The rollout is in a degraded state with message: RolloutAborted: Rollout aborted update to revision 2: Blue/green pre-promotion analysis phase error/failed: Metric "k6-load-test" assessed Failed due to failed (1) > failureLimit (0)
Trial finished: failed_or_timeout in 30s
pod "k6-bg-l3-loadsweep-errors-vus30-run20" deleted from demo namespace
Batch complete: bg_l3_loadsweep
