=== canary_level1_off_vus10_run1 ===
rollout.argoproj.io "exp-canary" deleted from demo namespace
service "exp-canary-svc" deleted from demo namespace
rollout.argoproj.io/exp-canary created
service/exp-canary-svc created
Progressing - updated replicas are still becoming available
Healthy
rollout.argoproj.io/exp-canary configured
service/exp-canary-svc unchanged
Starting trial: canary_level1_off_vus10_run1
Progressing - more replicas need to be updated
Paused - CanaryPauseStep
Progressing - more replicas need to be updated
Paused - CanaryPauseStep
Progressing - more replicas need to be updated
Progressing - updated replicas are still becoming available
Progressing - old replicas are pending termination
Progressing - waiting for all steps to complete
Healthy
Trial finished: healthy in 63s
pod "k6-canary-level1-off-vus10-run1" deleted from demo namespace
=== canary_level1_off_vus10_run2 ===
rollout.argoproj.io "exp-canary" deleted from demo namespace
service "exp-canary-svc" deleted from demo namespace
rollout.argoproj.io/exp-canary created
service/exp-canary-svc created
Progressing - updated replicas are still becoming available
Healthy
rollout.argoproj.io/exp-canary configured
service/exp-canary-svc unchanged
Starting trial: canary_level1_off_vus10_run2
Progressing - more replicas need to be updated
Paused - CanaryPauseStep
Progressing - more replicas need to be updated
Paused - CanaryPauseStep
Progressing - more replicas need to be updated
Progressing - updated replicas are still becoming available
Progressing - old replicas are pending termination
Progressing - waiting for all steps to complete
Healthy
Trial finished: healthy in 63s
pod "k6-canary-level1-off-vus10-run2" deleted from demo namespace
=== canary_level1_off_vus10_run3 ===
rollout.argoproj.io "exp-canary" deleted from demo namespace
service "exp-canary-svc" deleted from demo namespace
rollout.argoproj.io/exp-canary created
service/exp-canary-svc created
Progressing - updated replicas are still becoming available
Healthy
rollout.argoproj.io/exp-canary configured
service/exp-canary-svc unchanged
Starting trial: canary_level1_off_vus10_run3
Progressing - more replicas need to be updated
Paused - CanaryPauseStep
Progressing - more replicas need to be updated
Paused - CanaryPauseStep
Progressing - more replicas need to be updated
Progressing - updated replicas are still becoming available
Progressing - old replicas are pending termination
Progressing - waiting for all steps to complete
Healthy
Trial finished: healthy in 66s
pod "k6-canary-level1-off-vus10-run3" deleted from demo namespace
=== canary_level1_off_vus10_run4 ===
rollout.argoproj.io "exp-canary" deleted from demo namespace
service "exp-canary-svc" deleted from demo namespace
rollout.argoproj.io/exp-canary created
service/exp-canary-svc created
Progressing - updated replicas are still becoming available
Healthy
rollout.argoproj.io/exp-canary configured
service/exp-canary-svc unchanged
Starting trial: canary_level1_off_vus10_run4
Progressing - more replicas need to be updated
Paused - CanaryPauseStep
Progressing - more replicas need to be updated
Paused - CanaryPauseStep
Progressing - more replicas need to be updated
Progressing - updated replicas are still becoming available
Progressing - old replicas are pending termination
Progressing - waiting for all steps to complete
Healthy
Trial finished: healthy in 60s
pod "k6-canary-level1-off-vus10-run4" deleted from demo namespace
=== canary_level1_off_vus10_run5 ===
rollout.argoproj.io "exp-canary" deleted from demo namespace
service "exp-canary-svc" deleted from demo namespace
rollout.argoproj.io/exp-canary created
service/exp-canary-svc created
Progressing - updated replicas are still becoming available
Healthy
rollout.argoproj.io/exp-canary configured
service/exp-canary-svc unchanged
Starting trial: canary_level1_off_vus10_run5
Progressing - more replicas need to be updated
Paused - CanaryPauseStep
Progressing - more replicas need to be updated
Paused - CanaryPauseStep
Progressing - more replicas need to be updated
Progressing - updated replicas are still becoming available
Progressing - old replicas are pending termination
Progressing - waiting for all steps to complete
Healthy
Trial finished: healthy in 61s
pod "k6-canary-level1-off-vus10-run5" deleted from demo namespace
=== canary_level1_off_vus10_run6 ===
rollout.argoproj.io "exp-canary" deleted from demo namespace
service "exp-canary-svc" deleted from demo namespace
rollout.argoproj.io/exp-canary created
service/exp-canary-svc created
Progressing - updated replicas are still becoming available
Healthy
rollout.argoproj.io/exp-canary configured
service/exp-canary-svc unchanged
Starting trial: canary_level1_off_vus10_run6
Progressing - more replicas need to be updated
Paused - CanaryPauseStep
Progressing - more replicas need to be updated
Paused - CanaryPauseStep
Progressing - more replicas need to be updated
Progressing - updated replicas are still becoming available
Progressing - old replicas are pending termination
Progressing - waiting for all steps to complete
Healthy
Trial finished: healthy in 63s
pod "k6-canary-level1-off-vus10-run6" deleted from demo namespace
=== canary_level1_off_vus10_run7 ===
rollout.argoproj.io "exp-canary" deleted from demo namespace
service "exp-canary-svc" deleted from demo namespace
rollout.argoproj.io/exp-canary created
service/exp-canary-svc created
Progressing - updated replicas are still becoming available
Healthy
rollout.argoproj.io/exp-canary configured
service/exp-canary-svc unchanged
Starting trial: canary_level1_off_vus10_run7
Progressing - more replicas need to be updated
Paused - CanaryPauseStep
Progressing - more replicas need to be updated
Paused - CanaryPauseStep
Progressing - more replicas need to be updated
Progressing - updated replicas are still becoming available
Progressing - old replicas are pending termination
Progressing - waiting for all steps to complete
Healthy
Trial finished: healthy in 63s
pod "k6-canary-level1-off-vus10-run7" deleted from demo namespace
=== canary_level1_off_vus10_run8 ===
rollout.argoproj.io "exp-canary" deleted from demo namespace
service "exp-canary-svc" deleted from demo namespace
rollout.argoproj.io/exp-canary created
service/exp-canary-svc created
Progressing - updated replicas are still becoming available
Healthy
rollout.argoproj.io/exp-canary configured
service/exp-canary-svc unchanged
Starting trial: canary_level1_off_vus10_run8
Progressing - more replicas need to be updated
Paused - CanaryPauseStep
Progressing - more replicas need to be updated
Paused - CanaryPauseStep
Progressing - more replicas need to be updated
Progressing - updated replicas are still becoming available
Progressing - old replicas are pending termination
Progressing - waiting for all steps to complete
Healthy
Trial finished: healthy in 66s
pod "k6-canary-level1-off-vus10-run8" deleted from demo namespace
=== canary_level1_off_vus10_run9 ===
rollout.argoproj.io "exp-canary" deleted from demo namespace
service "exp-canary-svc" deleted from demo namespace
rollout.argoproj.io/exp-canary created
service/exp-canary-svc created
Progressing - updated replicas are still becoming available
Healthy
rollout.argoproj.io/exp-canary configured
service/exp-canary-svc unchanged
Starting trial: canary_level1_off_vus10_run9
Progressing - more replicas need to be updated
Paused - CanaryPauseStep
Progressing - more replicas need to be updated
Paused - CanaryPauseStep
Progressing - more replicas need to be updated
Progressing - updated replicas are still becoming available
Progressing - old replicas are pending termination
Progressing - waiting for all steps to complete
Healthy
Trial finished: healthy in 60s
pod "k6-canary-level1-off-vus10-run9" deleted from demo namespace
=== canary_level1_off_vus10_run10 ===
rollout.argoproj.io "exp-canary" deleted from demo namespace
service "exp-canary-svc" deleted from demo namespace
rollout.argoproj.io/exp-canary created
service/exp-canary-svc created
Progressing - updated replicas are still becoming available
Healthy
rollout.argoproj.io/exp-canary configured
service/exp-canary-svc unchanged
Starting trial: canary_level1_off_vus10_run10
Progressing - more replicas need to be updated
Paused - CanaryPauseStep
Progressing - more replicas need to be updated
Paused - CanaryPauseStep
Progressing - more replicas need to be updated
Progressing - updated replicas are still becoming available
Progressing - old replicas are pending termination
Progressing - waiting for all steps to complete
Healthy
Trial finished: healthy in 62s
pod "k6-canary-level1-off-vus10-run10" deleted from demo namespace
=== canary_level1_off_vus10_run11 ===
rollout.argoproj.io "exp-canary" deleted from demo namespace
service "exp-canary-svc" deleted from demo namespace
rollout.argoproj.io/exp-canary created
service/exp-canary-svc created
Progressing - updated replicas are still becoming available
Healthy
rollout.argoproj.io/exp-canary configured
service/exp-canary-svc unchanged
Starting trial: canary_level1_off_vus10_run11
Progressing - more replicas need to be updated
Paused - CanaryPauseStep
Progressing - more replicas need to be updated
Paused - CanaryPauseStep
Progressing - more replicas need to be updated
Progressing - updated replicas are still becoming available
Progressing - old replicas are pending termination
Progressing - waiting for all steps to complete
Healthy
Trial finished: healthy in 63s
pod "k6-canary-level1-off-vus10-run11" deleted from demo namespace
=== canary_level1_off_vus10_run12 ===
rollout.argoproj.io "exp-canary" deleted from demo namespace
service "exp-canary-svc" deleted from demo namespace
rollout.argoproj.io/exp-canary created
service/exp-canary-svc created
Progressing - updated replicas are still becoming available
Healthy
rollout.argoproj.io/exp-canary configured
service/exp-canary-svc unchanged
Starting trial: canary_level1_off_vus10_run12
Progressing - more replicas need to be updated
Paused - CanaryPauseStep
Progressing - more replicas need to be updated
Paused - CanaryPauseStep
Progressing - more replicas need to be updated
Progressing - updated replicas are still becoming available
Progressing - old replicas are pending termination
Progressing - waiting for all steps to complete
Healthy
Trial finished: healthy in 63s
pod "k6-canary-level1-off-vus10-run12" deleted from demo namespace
=== canary_level1_off_vus10_run13 ===
rollout.argoproj.io "exp-canary" deleted from demo namespace
service "exp-canary-svc" deleted from demo namespace
rollout.argoproj.io/exp-canary created
service/exp-canary-svc created
Progressing - updated replicas are still becoming available
Healthy
rollout.argoproj.io/exp-canary configured
service/exp-canary-svc unchanged
Starting trial: canary_level1_off_vus10_run13
Progressing - more replicas need to be updated
Paused - CanaryPauseStep
Progressing - more replicas need to be updated
Paused - CanaryPauseStep
Progressing - more replicas need to be updated
Progressing - updated replicas are still becoming available
Progressing - old replicas are pending termination
Progressing - waiting for all steps to complete
Healthy
Trial finished: healthy in 61s
pod "k6-canary-level1-off-vus10-run13" deleted from demo namespace
=== canary_level1_off_vus10_run14 ===
rollout.argoproj.io "exp-canary" deleted from demo namespace
service "exp-canary-svc" deleted from demo namespace
rollout.argoproj.io/exp-canary created
service/exp-canary-svc created
Progressing - updated replicas are still becoming available
Healthy
rollout.argoproj.io/exp-canary configured
service/exp-canary-svc unchanged
Starting trial: canary_level1_off_vus10_run14
Progressing - more replicas need to be updated
Paused - CanaryPauseStep
Progressing - more replicas need to be updated
Paused - CanaryPauseStep
Progressing - more replicas need to be updated
Progressing - updated replicas are still becoming available
Progressing - old replicas are pending termination
Progressing - waiting for all steps to complete
Healthy
Trial finished: healthy in 60s
pod "k6-canary-level1-off-vus10-run14" deleted from demo namespace
=== canary_level1_off_vus10_run15 ===
rollout.argoproj.io "exp-canary" deleted from demo namespace
service "exp-canary-svc" deleted from demo namespace
rollout.argoproj.io/exp-canary created
service/exp-canary-svc created
Progressing - updated replicas are still becoming available
Healthy
rollout.argoproj.io/exp-canary configured
service/exp-canary-svc unchanged
Starting trial: canary_level1_off_vus10_run15
Progressing - more replicas need to be updated
Paused - CanaryPauseStep
Progressing - more replicas need to be updated
Paused - CanaryPauseStep
Progressing - more replicas need to be updated
Progressing - updated replicas are still becoming available
Progressing - old replicas are pending termination
Progressing - waiting for all steps to complete
Healthy
Trial finished: healthy in 62s
pod "k6-canary-level1-off-vus10-run15" deleted from demo namespace
=== canary_level1_off_vus10_run16 ===
rollout.argoproj.io "exp-canary" deleted from demo namespace
service "exp-canary-svc" deleted from demo namespace
rollout.argoproj.io/exp-canary created
service/exp-canary-svc created
Progressing - updated replicas are still becoming available
Healthy
rollout.argoproj.io/exp-canary configured
service/exp-canary-svc unchanged
Starting trial: canary_level1_off_vus10_run16
Progressing - more replicas need to be updated
Paused - CanaryPauseStep
Progressing - more replicas need to be updated
Paused - CanaryPauseStep
Progressing - more replicas need to be updated
Progressing - updated replicas are still becoming available
Progressing - old replicas are pending termination
Progressing - waiting for all steps to complete
Healthy
Trial finished: healthy in 63s
pod "k6-canary-level1-off-vus10-run16" deleted from demo namespace
=== canary_level1_off_vus10_run17 ===
rollout.argoproj.io "exp-canary" deleted from demo namespace
service "exp-canary-svc" deleted from demo namespace
rollout.argoproj.io/exp-canary created
service/exp-canary-svc created
Progressing - updated replicas are still becoming available
Healthy
rollout.argoproj.io/exp-canary configured
service/exp-canary-svc unchanged
Starting trial: canary_level1_off_vus10_run17
Progressing - more replicas need to be updated
Paused - CanaryPauseStep
Progressing - more replicas need to be updated
Paused - CanaryPauseStep
Progressing - more replicas need to be updated
Progressing - updated replicas are still becoming available
Progressing - old replicas are pending termination
Progressing - waiting for all steps to complete
Healthy
Trial finished: healthy in 67s
pod "k6-canary-level1-off-vus10-run17" deleted from demo namespace
=== canary_level1_off_vus10_run18 ===
rollout.argoproj.io "exp-canary" deleted from demo namespace
service "exp-canary-svc" deleted from demo namespace
rollout.argoproj.io/exp-canary created
service/exp-canary-svc created
Progressing - updated replicas are still becoming available
Healthy
rollout.argoproj.io/exp-canary configured
service/exp-canary-svc unchanged
Starting trial: canary_level1_off_vus10_run18
Progressing - more replicas need to be updated
Paused - CanaryPauseStep
Progressing - more replicas need to be updated
Paused - CanaryPauseStep
Progressing - more replicas need to be updated
Progressing - updated replicas are still becoming available
Progressing - old replicas are pending termination
Progressing - waiting for all steps to complete
Healthy
Trial finished: healthy in 61s
pod "k6-canary-level1-off-vus10-run18" deleted from demo namespace
=== canary_level1_off_vus10_run19 ===
rollout.argoproj.io "exp-canary" deleted from demo namespace
service "exp-canary-svc" deleted from demo namespace
rollout.argoproj.io/exp-canary created
service/exp-canary-svc created
Progressing - updated replicas are still becoming available
Healthy
rollout.argoproj.io/exp-canary configured
service/exp-canary-svc unchanged
Starting trial: canary_level1_off_vus10_run19
Progressing - more replicas need to be updated
Paused - CanaryPauseStep
Progressing - more replicas need to be updated
Paused - CanaryPauseStep
Progressing - more replicas need to be updated
Progressing - updated replicas are still becoming available
Progressing - old replicas are pending termination
Progressing - waiting for all steps to complete
Healthy
Trial finished: healthy in 61s
pod "k6-canary-level1-off-vus10-run19" deleted from demo namespace
=== canary_level1_off_vus10_run20 ===
rollout.argoproj.io "exp-canary" deleted from demo namespace
service "exp-canary-svc" deleted from demo namespace
rollout.argoproj.io/exp-canary created
service/exp-canary-svc created
Progressing - updated replicas are still becoming available
Healthy
rollout.argoproj.io/exp-canary configured
service/exp-canary-svc unchanged
Starting trial: canary_level1_off_vus10_run20
Progressing - more replicas need to be updated
Paused - CanaryPauseStep
Progressing - more replicas need to be updated
Paused - CanaryPauseStep
Progressing - more replicas need to be updated
Progressing - updated replicas are still becoming available
Progressing - old replicas are pending termination
Progressing - waiting for all steps to complete
Healthy
Trial finished: healthy in 63s
pod "k6-canary-level1-off-vus10-run20" deleted from demo namespace
=== canary_level1_errors_vus10_run1 ===
rollout.argoproj.io "exp-canary" deleted from demo namespace
service "exp-canary-svc" deleted from demo namespace
rollout.argoproj.io/exp-canary created
service/exp-canary-svc created
Progressing - updated replicas are still becoming available
Healthy
rollout.argoproj.io/exp-canary configured
service/exp-canary-svc unchanged
Starting trial: canary_level1_errors_vus10_run1
Progressing - more replicas need to be updated
Paused - CanaryPauseStep
Progressing - more replicas need to be updated
Paused - CanaryPauseStep
Progressing - more replicas need to be updated
Progressing - updated replicas are still becoming available
Progressing - old replicas are pending termination
Progressing - waiting for all steps to complete
Healthy
Trial finished: healthy in 63s
pod "k6-canary-level1-errors-vus10-run1" deleted from demo namespace
=== canary_level1_errors_vus10_run2 ===
rollout.argoproj.io "exp-canary" deleted from demo namespace
service "exp-canary-svc" deleted from demo namespace
rollout.argoproj.io/exp-canary created
service/exp-canary-svc created
Progressing - updated replicas are still becoming available
Healthy
rollout.argoproj.io/exp-canary configured
service/exp-canary-svc unchanged
Starting trial: canary_level1_errors_vus10_run2
Progressing - more replicas need to be updated
Paused - CanaryPauseStep
Progressing - more replicas need to be updated
Paused - CanaryPauseStep
Progressing - more replicas need to be updated
Progressing - updated replicas are still becoming available
Progressing - old replicas are pending termination
Progressing - waiting for all steps to complete
Healthy
Trial finished: healthy in 67s
pod "k6-canary-level1-errors-vus10-run2" deleted from demo namespace
=== canary_level1_errors_vus10_run3 ===
rollout.argoproj.io "exp-canary" deleted from demo namespace
service "exp-canary-svc" deleted from demo namespace
rollout.argoproj.io/exp-canary created
service/exp-canary-svc created
Progressing - updated replicas are still becoming available
Healthy
rollout.argoproj.io/exp-canary configured
service/exp-canary-svc unchanged
Starting trial: canary_level1_errors_vus10_run3
Progressing - more replicas need to be updated
Paused - CanaryPauseStep
Progressing - more replicas need to be updated
Paused - CanaryPauseStep
Progressing - more replicas need to be updated
Progressing - updated replicas are still becoming available
Progressing - old replicas are pending termination
Progressing - waiting for all steps to complete
Healthy
Trial finished: healthy in 61s
pod "k6-canary-level1-errors-vus10-run3" deleted from demo namespace
=== canary_level1_errors_vus10_run4 ===
rollout.argoproj.io "exp-canary" deleted from demo namespace
service "exp-canary-svc" deleted from demo namespace
rollout.argoproj.io/exp-canary created
service/exp-canary-svc created
Progressing - updated replicas are still becoming available
Healthy
rollout.argoproj.io/exp-canary configured
service/exp-canary-svc unchanged
Starting trial: canary_level1_errors_vus10_run4
Progressing - more replicas need to be updated
Paused - CanaryPauseStep
Progressing - more replicas need to be updated
Paused - CanaryPauseStep
Progressing - more replicas need to be updated
Progressing - updated replicas are still becoming available
Progressing - old replicas are pending termination
Progressing - waiting for all steps to complete
Healthy
Trial finished: healthy in 61s
pod "k6-canary-level1-errors-vus10-run4" deleted from demo namespace
=== canary_level1_errors_vus10_run5 ===
rollout.argoproj.io "exp-canary" deleted from demo namespace
service "exp-canary-svc" deleted from demo namespace
rollout.argoproj.io/exp-canary created
service/exp-canary-svc created
Progressing - updated replicas are still becoming available
Healthy
rollout.argoproj.io/exp-canary configured
service/exp-canary-svc unchanged
Starting trial: canary_level1_errors_vus10_run5
Progressing - more replicas need to be updated
Paused - CanaryPauseStep
Progressing - more replicas need to be updated
Paused - CanaryPauseStep
Progressing - more replicas need to be updated
Progressing - updated replicas are still becoming available
Progressing - old replicas are pending termination
Progressing - waiting for all steps to complete
Healthy
Trial finished: healthy in 63s
pod "k6-canary-level1-errors-vus10-run5" deleted from demo namespace
=== canary_level1_errors_vus10_run6 ===
rollout.argoproj.io "exp-canary" deleted from demo namespace
service "exp-canary-svc" deleted from demo namespace
rollout.argoproj.io/exp-canary created
service/exp-canary-svc created
Progressing - updated replicas are still becoming available
Healthy
rollout.argoproj.io/exp-canary configured
service/exp-canary-svc unchanged
Starting trial: canary_level1_errors_vus10_run6
Progressing - more replicas need to be updated
Paused - CanaryPauseStep
Progressing - more replicas need to be updated
Paused - CanaryPauseStep
Progressing - more replicas need to be updated
Progressing - updated replicas are still becoming available
Progressing - old replicas are pending termination
Progressing - waiting for all steps to complete
Healthy
Trial finished: healthy in 63s
pod "k6-canary-level1-errors-vus10-run6" deleted from demo namespace
=== canary_level1_errors_vus10_run7 ===
rollout.argoproj.io "exp-canary" deleted from demo namespace
service "exp-canary-svc" deleted from demo namespace
rollout.argoproj.io/exp-canary created
service/exp-canary-svc created
Progressing - updated replicas are still becoming available
Healthy
rollout.argoproj.io/exp-canary configured
service/exp-canary-svc unchanged
Starting trial: canary_level1_errors_vus10_run7
Progressing - more replicas need to be updated
Paused - CanaryPauseStep
Progressing - more replicas need to be updated
Paused - CanaryPauseStep
Progressing - more replicas need to be updated
Progressing - updated replicas are still becoming available
Progressing - old replicas are pending termination
Progressing - waiting for all steps to complete
Healthy
Trial finished: healthy in 66s
pod "k6-canary-level1-errors-vus10-run7" deleted from demo namespace
=== canary_level1_errors_vus10_run8 ===
rollout.argoproj.io "exp-canary" deleted from demo namespace
service "exp-canary-svc" deleted from demo namespace
rollout.argoproj.io/exp-canary created
service/exp-canary-svc created
Progressing - updated replicas are still becoming available
Healthy
rollout.argoproj.io/exp-canary configured
service/exp-canary-svc unchanged
Starting trial: canary_level1_errors_vus10_run8
Progressing - more replicas need to be updated
Paused - CanaryPauseStep
Progressing - more replicas need to be updated
Paused - CanaryPauseStep
Progressing - more replicas need to be updated
Progressing - updated replicas are still becoming available
Progressing - old replicas are pending termination
Progressing - waiting for all steps to complete
Healthy
Trial finished: healthy in 60s
pod "k6-canary-level1-errors-vus10-run8" deleted from demo namespace
=== canary_level1_errors_vus10_run9 ===
rollout.argoproj.io "exp-canary" deleted from demo namespace
service "exp-canary-svc" deleted from demo namespace
rollout.argoproj.io/exp-canary created
service/exp-canary-svc created
Progressing - updated replicas are still becoming available
Healthy
rollout.argoproj.io/exp-canary configured
service/exp-canary-svc unchanged
Starting trial: canary_level1_errors_vus10_run9
Progressing - more replicas need to be updated
Paused - CanaryPauseStep
Progressing - more replicas need to be updated
Paused - CanaryPauseStep
Progressing - more replicas need to be updated
Progressing - updated replicas are still becoming available
Progressing - old replicas are pending termination
Progressing - waiting for all steps to complete
Healthy
Trial finished: healthy in 61s
pod "k6-canary-level1-errors-vus10-run9" deleted from demo namespace
=== canary_level1_errors_vus10_run10 ===
rollout.argoproj.io "exp-canary" deleted from demo namespace
service "exp-canary-svc" deleted from demo namespace
rollout.argoproj.io/exp-canary created
service/exp-canary-svc created
Progressing - updated replicas are still becoming available
Healthy
rollout.argoproj.io/exp-canary configured
service/exp-canary-svc unchanged
Starting trial: canary_level1_errors_vus10_run10
Progressing - more replicas need to be updated
Paused - CanaryPauseStep
Progressing - more replicas need to be updated
Paused - CanaryPauseStep
Progressing - more replicas need to be updated
Progressing - updated replicas are still becoming available
Progressing - old replicas are pending termination
Progressing - waiting for all steps to complete
Healthy
Trial finished: healthy in 63s
pod "k6-canary-level1-errors-vus10-run10" deleted from demo namespace
=== canary_level1_errors_vus10_run11 ===
rollout.argoproj.io "exp-canary" deleted from demo namespace
service "exp-canary-svc" deleted from demo namespace
rollout.argoproj.io/exp-canary created
service/exp-canary-svc created
Progressing - updated replicas are still becoming available
Healthy
rollout.argoproj.io/exp-canary configured
service/exp-canary-svc unchanged
Starting trial: canary_level1_errors_vus10_run11
Progressing - more replicas need to be updated
Paused - CanaryPauseStep
Progressing - more replicas need to be updated
Paused - CanaryPauseStep
Progressing - more replicas need to be updated
Progressing - updated replicas are still becoming available
Progressing - old replicas are pending termination
Progressing - waiting for all steps to complete
Healthy
Trial finished: healthy in 63s
pod "k6-canary-level1-errors-vus10-run11" deleted from demo namespace
=== canary_level1_errors_vus10_run12 ===
rollout.argoproj.io "exp-canary" deleted from demo namespace
service "exp-canary-svc" deleted from demo namespace
rollout.argoproj.io/exp-canary created
service/exp-canary-svc created
Progressing - updated replicas are still becoming available
Healthy
rollout.argoproj.io/exp-canary configured
service/exp-canary-svc unchanged
Starting trial: canary_level1_errors_vus10_run12
Progressing - more replicas need to be updated
Paused - CanaryPauseStep
Progressing - more replicas need to be updated
Paused - CanaryPauseStep
Progressing - more replicas need to be updated
Progressing - updated replicas are still becoming available
Progressing - old replicas are pending termination
Progressing - waiting for all steps to complete
Healthy
Trial finished: healthy in 66s
pod "k6-canary-level1-errors-vus10-run12" deleted from demo namespace
=== canary_level1_errors_vus10_run13 ===
rollout.argoproj.io "exp-canary" deleted from demo namespace
service "exp-canary-svc" deleted from demo namespace
rollout.argoproj.io/exp-canary created
service/exp-canary-svc created
Progressing - updated replicas are still becoming available
Healthy
rollout.argoproj.io/exp-canary configured
service/exp-canary-svc unchanged
Starting trial: canary_level1_errors_vus10_run13
Progressing - more replicas need to be updated
Paused - CanaryPauseStep
Progressing - more replicas need to be updated
Paused - CanaryPauseStep
Progressing - more replicas need to be updated
Progressing - updated replicas are still becoming available
Progressing - old replicas are pending termination
Progressing - waiting for all steps to complete
Healthy
Trial finished: healthy in 60s
pod "k6-canary-level1-errors-vus10-run13" deleted from demo namespace
=== canary_level1_errors_vus10_run14 ===
rollout.argoproj.io "exp-canary" deleted from demo namespace
service "exp-canary-svc" deleted from demo namespace
rollout.argoproj.io/exp-canary created
service/exp-canary-svc created
Progressing - updated replicas are still becoming available
Healthy
rollout.argoproj.io/exp-canary configured
service/exp-canary-svc unchanged
Starting trial: canary_level1_errors_vus10_run14
Progressing - more replicas need to be updated
Paused - CanaryPauseStep
Progressing - more replicas need to be updated
Paused - CanaryPauseStep
Progressing - more replicas need to be updated
Progressing - updated replicas are still becoming available
Progressing - old replicas are pending termination
Progressing - waiting for all steps to complete
Healthy
Trial finished: healthy in 62s
pod "k6-canary-level1-errors-vus10-run14" deleted from demo namespace
=== canary_level1_errors_vus10_run15 ===
rollout.argoproj.io "exp-canary" deleted from demo namespace
service "exp-canary-svc" deleted from demo namespace
rollout.argoproj.io/exp-canary created
service/exp-canary-svc created
Progressing - updated replicas are still becoming available
Healthy
rollout.argoproj.io/exp-canary configured
service/exp-canary-svc unchanged
Starting trial: canary_level1_errors_vus10_run15
Progressing - more replicas need to be updated
Paused - CanaryPauseStep
Progressing - more replicas need to be updated
Paused - CanaryPauseStep
Progressing - more replicas need to be updated
Progressing - updated replicas are still becoming available
Progressing - old replicas are pending termination
Progressing - waiting for all steps to complete
Healthy
Trial finished: healthy in 63s
pod "k6-canary-level1-errors-vus10-run15" deleted from demo namespace
=== canary_level1_errors_vus10_run16 ===
rollout.argoproj.io "exp-canary" deleted from demo namespace
service "exp-canary-svc" deleted from demo namespace
rollout.argoproj.io/exp-canary created
service/exp-canary-svc created
Progressing - updated replicas are still becoming available
Healthy
rollout.argoproj.io/exp-canary configured
service/exp-canary-svc unchanged
Starting trial: canary_level1_errors_vus10_run16
Progressing - more replicas need to be updated
Paused - CanaryPauseStep
Progressing - more replicas need to be updated
Paused - CanaryPauseStep
Progressing - more replicas need to be updated
Progressing - updated replicas are still becoming available
Progressing - old replicas are pending termination
Progressing - waiting for all steps to complete
Healthy
Trial finished: healthy in 63s
pod "k6-canary-level1-errors-vus10-run16" deleted from demo namespace
=== canary_level1_errors_vus10_run17 ===
rollout.argoproj.io "exp-canary" deleted from demo namespace
service "exp-canary-svc" deleted from demo namespace
rollout.argoproj.io/exp-canary created
service/exp-canary-svc created
Progressing - updated replicas are still becoming available
Healthy
rollout.argoproj.io/exp-canary configured
service/exp-canary-svc unchanged
Starting trial: canary_level1_errors_vus10_run17
Progressing - more replicas need to be updated
Paused - CanaryPauseStep
Progressing - more replicas need to be updated
Paused - CanaryPauseStep
Progressing - more replicas need to be updated
Progressing - updated replicas are still becoming available
Progressing - old replicas are pending termination
Progressing - waiting for all steps to complete
Healthy
Trial finished: healthy in 61s
pod "k6-canary-level1-errors-vus10-run17" deleted from demo namespace
=== canary_level1_errors_vus10_run18 ===
rollout.argoproj.io "exp-canary" deleted from demo namespace
service "exp-canary-svc" deleted from demo namespace
rollout.argoproj.io/exp-canary created
service/exp-canary-svc created
Progressing - updated replicas are still becoming available
Healthy
rollout.argoproj.io/exp-canary configured
service/exp-canary-svc unchanged
Starting trial: canary_level1_errors_vus10_run18
Progressing - more replicas need to be updated
Paused - CanaryPauseStep
Progressing - more replicas need to be updated
Paused - CanaryPauseStep
Progressing - more replicas need to be updated
Progressing - updated replicas are still becoming available
Progressing - old replicas are pending termination
Progressing - waiting for all steps to complete
Healthy
Trial finished: healthy in 60s
pod "k6-canary-level1-errors-vus10-run18" deleted from demo namespace
=== canary_level1_errors_vus10_run19 ===
rollout.argoproj.io "exp-canary" deleted from demo namespace
service "exp-canary-svc" deleted from demo namespace
rollout.argoproj.io/exp-canary created
service/exp-canary-svc created
Progressing - updated replicas are still becoming available
Healthy
rollout.argoproj.io/exp-canary configured
service/exp-canary-svc unchanged
Starting trial: canary_level1_errors_vus10_run19
Progressing - more replicas need to be updated
Paused - CanaryPauseStep
Progressing - more replicas need to be updated
Paused - CanaryPauseStep
Progressing - more replicas need to be updated
Progressing - updated replicas are still becoming available
Progressing - old replicas are pending termination
Progressing - waiting for all steps to complete
Healthy
Trial finished: healthy in 62s
pod "k6-canary-level1-errors-vus10-run19" deleted from demo namespace
=== canary_level1_errors_vus10_run20 ===
rollout.argoproj.io "exp-canary" deleted from demo namespace
service "exp-canary-svc" deleted from demo namespace
rollout.argoproj.io/exp-canary created
service/exp-canary-svc created
Progressing - updated replicas are still becoming available
Healthy
rollout.argoproj.io/exp-canary configured
service/exp-canary-svc unchanged
Starting trial: canary_level1_errors_vus10_run20
Progressing - more replicas need to be updated
Paused - CanaryPauseStep
Progressing - more replicas need to be updated
Paused - CanaryPauseStep
Progressing - more replicas need to be updated
Progressing - updated replicas are still becoming available
Progressing - old replicas are pending termination
Progressing - waiting for all steps to complete
Healthy
Trial finished: healthy in 63s
pod "k6-canary-level1-errors-vus10-run20" deleted from demo namespace
=== canary_level1_latency_vus10_run1 ===
rollout.argoproj.io "exp-canary" deleted from demo namespace
service "exp-canary-svc" deleted from demo namespace
rollout.argoproj.io/exp-canary created
service/exp-canary-svc created
Progressing - updated replicas are still becoming available
Healthy
rollout.argoproj.io/exp-canary configured
service/exp-canary-svc unchanged
Starting trial: canary_level1_latency_vus10_run1
Progressing - more replicas need to be updated
Paused - CanaryPauseStep
Progressing - more replicas need to be updated
Paused - CanaryPauseStep
Progressing - more replicas need to be updated
Progressing - updated replicas are still becoming available
Progressing - old replicas are pending termination
Progressing - waiting for all steps to complete
Healthy
Trial finished: healthy in 67s
pod "k6-canary-level1-latency-vus10-run1" deleted from demo namespace
=== canary_level1_latency_vus10_run2 ===
rollout.argoproj.io "exp-canary" deleted from demo namespace
service "exp-canary-svc" deleted from demo namespace
rollout.argoproj.io/exp-canary created
service/exp-canary-svc created
Progressing - updated replicas are still becoming available
Healthy
rollout.argoproj.io/exp-canary configured
service/exp-canary-svc unchanged
Starting trial: canary_level1_latency_vus10_run2
Progressing - more replicas need to be updated
Paused - CanaryPauseStep
Progressing - more replicas need to be updated
Paused - CanaryPauseStep
Progressing - more replicas need to be updated
Progressing - updated replicas are still becoming available
Progressing - old replicas are pending termination
Progressing - waiting for all steps to complete
Healthy
Trial finished: healthy in 61s
pod "k6-canary-level1-latency-vus10-run2" deleted from demo namespace
=== canary_level1_latency_vus10_run3 ===
rollout.argoproj.io "exp-canary" deleted from demo namespace
service "exp-canary-svc" deleted from demo namespace
rollout.argoproj.io/exp-canary created
service/exp-canary-svc created
Progressing - updated replicas are still becoming available
Healthy
rollout.argoproj.io/exp-canary configured
service/exp-canary-svc unchanged
Starting trial: canary_level1_latency_vus10_run3
Progressing - more replicas need to be updated
Paused - CanaryPauseStep
Progressing - more replicas need to be updated
Paused - CanaryPauseStep
Progressing - more replicas need to be updated
Progressing - updated replicas are still becoming available
Progressing - old replicas are pending termination
Progressing - waiting for all steps to complete
Healthy
Trial finished: healthy in 61s
pod "k6-canary-level1-latency-vus10-run3" deleted from demo namespace
=== canary_level1_latency_vus10_run4 ===
rollout.argoproj.io "exp-canary" deleted from demo namespace
service "exp-canary-svc" deleted from demo namespace
rollout.argoproj.io/exp-canary created
service/exp-canary-svc created
Progressing - updated replicas are still becoming available
Healthy
rollout.argoproj.io/exp-canary configured
service/exp-canary-svc unchanged
Starting trial: canary_level1_latency_vus10_run4
Progressing - more replicas need to be updated
Paused - CanaryPauseStep
Progressing - more replicas need to be updated
Paused - CanaryPauseStep
Progressing - more replicas need to be updated
Progressing - updated replicas are still becoming available
Progressing - old replicas are pending termination
Progressing - waiting for all steps to complete
Healthy
Trial finished: healthy in 63s
pod "k6-canary-level1-latency-vus10-run4" deleted from demo namespace
=== canary_level1_latency_vus10_run5 ===
rollout.argoproj.io "exp-canary" deleted from demo namespace
service "exp-canary-svc" deleted from demo namespace
rollout.argoproj.io/exp-canary created
service/exp-canary-svc created
Progressing - updated replicas are still becoming available
Healthy
rollout.argoproj.io/exp-canary configured
service/exp-canary-svc unchanged
Starting trial: canary_level1_latency_vus10_run5
Progressing - more replicas need to be updated
Paused - CanaryPauseStep
Progressing - more replicas need to be updated
Paused - CanaryPauseStep
Progressing - more replicas need to be updated
Progressing - updated replicas are still becoming available
Progressing - old replicas are pending termination
Progressing - waiting for all steps to complete
Healthy
Trial finished: healthy in 63s
pod "k6-canary-level1-latency-vus10-run5" deleted from demo namespace
=== canary_level1_latency_vus10_run6 ===
rollout.argoproj.io "exp-canary" deleted from demo namespace
service "exp-canary-svc" deleted from demo namespace
rollout.argoproj.io/exp-canary created
service/exp-canary-svc created
Progressing - updated replicas are still becoming available
Healthy
rollout.argoproj.io/exp-canary configured
service/exp-canary-svc unchanged
Starting trial: canary_level1_latency_vus10_run6
Progressing - more replicas need to be updated
Paused - CanaryPauseStep
Progressing - more replicas need to be updated
Paused - CanaryPauseStep
Progressing - more replicas need to be updated
Progressing - updated replicas are still becoming available
Progressing - old replicas are pending termination
Progressing - waiting for all steps to complete
Healthy
Trial finished: healthy in 67s
pod "k6-canary-level1-latency-vus10-run6" deleted from demo namespace
=== canary_level1_latency_vus10_run7 ===
rollout.argoproj.io "exp-canary" deleted from demo namespace
service "exp-canary-svc" deleted from demo namespace
rollout.argoproj.io/exp-canary created
service/exp-canary-svc created
Progressing - updated replicas are still becoming available
Healthy
rollout.argoproj.io/exp-canary configured
service/exp-canary-svc unchanged
Starting trial: canary_level1_latency_vus10_run7
Progressing - more replicas need to be updated
Paused - CanaryPauseStep
Progressing - more replicas need to be updated
Paused - CanaryPauseStep
Progressing - more replicas need to be updated
Progressing - updated replicas are still becoming available
Progressing - old replicas are pending termination
Progressing - waiting for all steps to complete
Healthy
Trial finished: healthy in 61s
pod "k6-canary-level1-latency-vus10-run7" deleted from demo namespace
=== canary_level1_latency_vus10_run8 ===
rollout.argoproj.io "exp-canary" deleted from demo namespace
service "exp-canary-svc" deleted from demo namespace
rollout.argoproj.io/exp-canary created
service/exp-canary-svc created
Progressing - updated replicas are still becoming available
Healthy
rollout.argoproj.io/exp-canary configured
service/exp-canary-svc unchanged
Starting trial: canary_level1_latency_vus10_run8
Progressing - more replicas need to be updated
Paused - CanaryPauseStep
Progressing - more replicas need to be updated
Paused - CanaryPauseStep
Progressing - more replicas need to be updated
Progressing - updated replicas are still becoming available
Progressing - old replicas are pending termination
Progressing - waiting for all steps to complete
Healthy
Trial finished: healthy in 61s
pod "k6-canary-level1-latency-vus10-run8" deleted from demo namespace
=== canary_level1_latency_vus10_run9 ===
rollout.argoproj.io "exp-canary" deleted from demo namespace
service "exp-canary-svc" deleted from demo namespace
rollout.argoproj.io/exp-canary created
service/exp-canary-svc created
Progressing - updated replicas are still becoming available
Healthy
rollout.argoproj.io/exp-canary configured
service/exp-canary-svc unchanged
Starting trial: canary_level1_latency_vus10_run9
Progressing - more replicas need to be updated
Paused - CanaryPauseStep
Progressing - more replicas need to be updated
Paused - CanaryPauseStep
Progressing - more replicas need to be updated
Progressing - updated replicas are still becoming available
Progressing - old replicas are pending termination
Progressing - waiting for all steps to complete
Healthy
Trial finished: healthy in 63s
pod "k6-canary-level1-latency-vus10-run9" deleted from demo namespace
=== canary_level1_latency_vus10_run10 ===
rollout.argoproj.io "exp-canary" deleted from demo namespace
service "exp-canary-svc" deleted from demo namespace
rollout.argoproj.io/exp-canary created
service/exp-canary-svc created
Progressing - updated replicas are still becoming available
Healthy
rollout.argoproj.io/exp-canary configured
service/exp-canary-svc unchanged
Starting trial: canary_level1_latency_vus10_run10
Progressing - more replicas need to be updated
Paused - CanaryPauseStep
Progressing - more replicas need to be updated
Paused - CanaryPauseStep
Progressing - more replicas need to be updated
Progressing - updated replicas are still becoming available
Progressing - old replicas are pending termination
Progressing - waiting for all steps to complete
Healthy
Trial finished: healthy in 63s
pod "k6-canary-level1-latency-vus10-run10" deleted from demo namespace
=== canary_level1_latency_vus10_run11 ===
rollout.argoproj.io "exp-canary" deleted from demo namespace
service "exp-canary-svc" deleted from demo namespace
rollout.argoproj.io/exp-canary created
service/exp-canary-svc created
Progressing - updated replicas are still becoming available
Healthy
rollout.argoproj.io/exp-canary configured
service/exp-canary-svc unchanged
Starting trial: canary_level1_latency_vus10_run11
Progressing - more replicas need to be updated
Paused - CanaryPauseStep
Progressing - more replicas need to be updated
Paused - CanaryPauseStep
Progressing - more replicas need to be updated
Progressing - updated replicas are still becoming available
Progressing - old replicas are pending termination
Progressing - waiting for all steps to complete
Healthy
Trial finished: healthy in 67s
pod "k6-canary-level1-latency-vus10-run11" deleted from demo namespace
=== canary_level1_latency_vus10_run12 ===
rollout.argoproj.io "exp-canary" deleted from demo namespace
service "exp-canary-svc" deleted from demo namespace
rollout.argoproj.io/exp-canary created
service/exp-canary-svc created
Progressing - updated replicas are still becoming available
Healthy
rollout.argoproj.io/exp-canary configured
service/exp-canary-svc unchanged
Starting trial: canary_level1_latency_vus10_run12
Progressing - more replicas need to be updated
Paused - CanaryPauseStep
Progressing - more replicas need to be updated
Paused - CanaryPauseStep
Progressing - more replicas need to be updated
Progressing - updated replicas are still becoming available
Progressing - old replicas are pending termination
Progressing - waiting for all steps to complete
Healthy
Trial finished: healthy in 60s
pod "k6-canary-level1-latency-vus10-run12" deleted from demo namespace
=== canary_level1_latency_vus10_run13 ===
rollout.argoproj.io "exp-canary" deleted from demo namespace
service "exp-canary-svc" deleted from demo namespace
rollout.argoproj.io/exp-canary created
service/exp-canary-svc created
Progressing - updated replicas are still becoming available
Healthy
rollout.argoproj.io/exp-canary configured
service/exp-canary-svc unchanged
Starting trial: canary_level1_latency_vus10_run13
Progressing - more replicas need to be updated
Paused - CanaryPauseStep
Progressing - more replicas need to be updated
Paused - CanaryPauseStep
Progressing - more replicas need to be updated
Progressing - updated replicas are still becoming available
Progressing - old replicas are pending termination
Progressing - waiting for all steps to complete
Healthy
Trial finished: healthy in 61s
pod "k6-canary-level1-latency-vus10-run13" deleted from demo namespace
=== canary_level1_latency_vus10_run14 ===
rollout.argoproj.io "exp-canary" deleted from demo namespace
service "exp-canary-svc" deleted from demo namespace
rollout.argoproj.io/exp-canary created
service/exp-canary-svc created
Progressing - updated replicas are still becoming available
Healthy
rollout.argoproj.io/exp-canary configured
service/exp-canary-svc unchanged
Starting trial: canary_level1_latency_vus10_run14
Progressing - more replicas need to be updated
Paused - CanaryPauseStep
Progressing - more replicas need to be updated
Paused - CanaryPauseStep
Progressing - more replicas need to be updated
Progressing - updated replicas are still becoming available
Progressing - old replicas are pending termination
Progressing - waiting for all steps to complete
Healthy
Trial finished: healthy in 63s
pod "k6-canary-level1-latency-vus10-run14" deleted from demo namespace
=== canary_level1_latency_vus10_run15 ===
rollout.argoproj.io "exp-canary" deleted from demo namespace
service "exp-canary-svc" deleted from demo namespace
rollout.argoproj.io/exp-canary created
service/exp-canary-svc created
Progressing - updated replicas are still becoming available
Healthy
rollout.argoproj.io/exp-canary configured
service/exp-canary-svc unchanged
Starting trial: canary_level1_latency_vus10_run15
Progressing - more replicas need to be updated
Paused - CanaryPauseStep
Progressing - more replicas need to be updated
Paused - CanaryPauseStep
Progressing - more replicas need to be updated
Progressing - updated replicas are still becoming available
Progressing - old replicas are pending termination
Progressing - waiting for all steps to complete
Healthy
Trial finished: healthy in 63s
pod "k6-canary-level1-latency-vus10-run15" deleted from demo namespace
=== canary_level1_latency_vus10_run16 ===
rollout.argoproj.io "exp-canary" deleted from demo namespace
service "exp-canary-svc" deleted from demo namespace
rollout.argoproj.io/exp-canary created
service/exp-canary-svc created
Progressing - updated replicas are still becoming available
Healthy
rollout.argoproj.io/exp-canary configured
service/exp-canary-svc unchanged
Starting trial: canary_level1_latency_vus10_run16
Progressing - more replicas need to be updated
Paused - CanaryPauseStep
Progressing - more replicas need to be updated
Paused - CanaryPauseStep
Progressing - more replicas need to be updated
Progressing - updated replicas are still becoming available
Progressing - old replicas are pending termination
Progressing - waiting for all steps to complete
Healthy
Trial finished: healthy in 66s
pod "k6-canary-level1-latency-vus10-run16" deleted from demo namespace
=== canary_level1_latency_vus10_run17 ===
rollout.argoproj.io "exp-canary" deleted from demo namespace
service "exp-canary-svc" deleted from demo namespace
rollout.argoproj.io/exp-canary created
service/exp-canary-svc created
Progressing - updated replicas are still becoming available
Healthy
rollout.argoproj.io/exp-canary configured
service/exp-canary-svc unchanged
Starting trial: canary_level1_latency_vus10_run17
Progressing - more replicas need to be updated
Paused - CanaryPauseStep
Progressing - more replicas need to be updated
Paused - CanaryPauseStep
Progressing - more replicas need to be updated
Progressing - updated replicas are still becoming available
Progressing - old replicas are pending termination
Progressing - waiting for all steps to complete
Healthy
Trial finished: healthy in 60s
pod "k6-canary-level1-latency-vus10-run17" deleted from demo namespace
=== canary_level1_latency_vus10_run18 ===
rollout.argoproj.io "exp-canary" deleted from demo namespace
service "exp-canary-svc" deleted from demo namespace
rollout.argoproj.io/exp-canary created
service/exp-canary-svc created
Progressing - updated replicas are still becoming available
Healthy
rollout.argoproj.io/exp-canary configured
service/exp-canary-svc unchanged
Starting trial: canary_level1_latency_vus10_run18
Progressing - more replicas need to be updated
Paused - CanaryPauseStep
Progressing - more replicas need to be updated
Paused - CanaryPauseStep
Progressing - more replicas need to be updated
Progressing - updated replicas are still becoming available
Progressing - old replicas are pending termination
Progressing - waiting for all steps to complete
Healthy
Trial finished: healthy in 61s
pod "k6-canary-level1-latency-vus10-run18" deleted from demo namespace
=== canary_level1_latency_vus10_run19 ===
rollout.argoproj.io "exp-canary" deleted from demo namespace
service "exp-canary-svc" deleted from demo namespace
rollout.argoproj.io/exp-canary created
service/exp-canary-svc created
Progressing - updated replicas are still becoming available
Healthy
rollout.argoproj.io/exp-canary configured
service/exp-canary-svc unchanged
Starting trial: canary_level1_latency_vus10_run19
Progressing - more replicas need to be updated
Paused - CanaryPauseStep
Progressing - more replicas need to be updated
Paused - CanaryPauseStep
Progressing - more replicas need to be updated
Progressing - updated replicas are still becoming available
Progressing - old replicas are pending termination
Progressing - waiting for all steps to complete
Healthy
Trial finished: healthy in 63s
pod "k6-canary-level1-latency-vus10-run19" deleted from demo namespace
=== canary_level1_latency_vus10_run20 ===
rollout.argoproj.io "exp-canary" deleted from demo namespace
service "exp-canary-svc" deleted from demo namespace
rollout.argoproj.io/exp-canary created
service/exp-canary-svc created
Progressing - updated replicas are still becoming available
Healthy
rollout.argoproj.io/exp-canary configured
service/exp-canary-svc unchanged
Starting trial: canary_level1_latency_vus10_run20
Progressing - more replicas need to be updated
Paused - CanaryPauseStep
Progressing - more replicas need to be updated
Paused - CanaryPauseStep
Progressing - more replicas need to be updated
Progressing - updated replicas are still becoming available
Progressing - old replicas are pending termination
Progressing - waiting for all steps to complete
Healthy
Trial finished: healthy in 63s
pod "k6-canary-level1-latency-vus10-run20" deleted from demo namespace
=== canary_level1_memory_leak_vus10_run1 ===
rollout.argoproj.io "exp-canary" deleted from demo namespace
service "exp-canary-svc" deleted from demo namespace
rollout.argoproj.io/exp-canary created
service/exp-canary-svc created
Progressing - updated replicas are still becoming available
Healthy
rollout.argoproj.io/exp-canary configured
service/exp-canary-svc unchanged
Starting trial: canary_level1_memory_leak_vus10_run1
Progressing - more replicas need to be updated
Paused - CanaryPauseStep
Progressing - more replicas need to be updated
Paused - CanaryPauseStep
Progressing - more replicas need to be updated
Progressing - updated replicas are still becoming available
Progressing - old replicas are pending termination
Progressing - waiting for all steps to complete
Healthy
Trial finished: healthy in 66s
pod "k6-canary-level1-memory-leak-vus10-run1" deleted from demo namespace
=== canary_level1_memory_leak_vus10_run2 ===
rollout.argoproj.io "exp-canary" deleted from demo namespace
service "exp-canary-svc" deleted from demo namespace
rollout.argoproj.io/exp-canary created
service/exp-canary-svc created
Progressing - updated replicas are still becoming available
Healthy
rollout.argoproj.io/exp-canary configured
service/exp-canary-svc unchanged
Starting trial: canary_level1_memory_leak_vus10_run2
Progressing - more replicas need to be updated
Paused - CanaryPauseStep
Progressing - more replicas need to be updated
Paused - CanaryPauseStep
Progressing - more replicas need to be updated
Progressing - updated replicas are still becoming available
Progressing - old replicas are pending termination
Progressing - waiting for all steps to complete
Healthy
Trial finished: healthy in 60s
pod "k6-canary-level1-memory-leak-vus10-run2" deleted from demo namespace
=== canary_level1_memory_leak_vus10_run3 ===
rollout.argoproj.io "exp-canary" deleted from demo namespace
service "exp-canary-svc" deleted from demo namespace
rollout.argoproj.io/exp-canary created
service/exp-canary-svc created
Progressing - updated replicas are still becoming available
Healthy
rollout.argoproj.io/exp-canary configured
service/exp-canary-svc unchanged
Starting trial: canary_level1_memory_leak_vus10_run3
Progressing - more replicas need to be updated
Paused - CanaryPauseStep
Progressing - more replicas need to be updated
Paused - CanaryPauseStep
Progressing - more replicas need to be updated
Progressing - updated replicas are still becoming available
Progressing - old replicas are pending termination
Progressing - waiting for all steps to complete
Healthy
Trial finished: healthy in 62s
pod "k6-canary-level1-memory-leak-vus10-run3" deleted from demo namespace
=== canary_level1_memory_leak_vus10_run4 ===
rollout.argoproj.io "exp-canary" deleted from demo namespace
service "exp-canary-svc" deleted from demo namespace
rollout.argoproj.io/exp-canary created
service/exp-canary-svc created
Progressing - updated replicas are still becoming available
Healthy
rollout.argoproj.io/exp-canary configured
service/exp-canary-svc unchanged
Starting trial: canary_level1_memory_leak_vus10_run4
Progressing - more replicas need to be updated
Paused - CanaryPauseStep
Progressing - more replicas need to be updated
Paused - CanaryPauseStep
Progressing - more replicas need to be updated
Progressing - updated replicas are still becoming available
Progressing - old replicas are pending termination
Progressing - waiting for all steps to complete
Healthy
Trial finished: healthy in 63s
pod "k6-canary-level1-memory-leak-vus10-run4" deleted from demo namespace
=== canary_level1_memory_leak_vus10_run5 ===
rollout.argoproj.io "exp-canary" deleted from demo namespace
service "exp-canary-svc" deleted from demo namespace
rollout.argoproj.io/exp-canary created
service/exp-canary-svc created
Progressing - updated replicas are still becoming available
Healthy
rollout.argoproj.io/exp-canary configured
service/exp-canary-svc unchanged
Starting trial: canary_level1_memory_leak_vus10_run5
Progressing - more replicas need to be updated
Paused - CanaryPauseStep
Progressing - more replicas need to be updated
Paused - CanaryPauseStep
Progressing - more replicas need to be updated
Progressing - updated replicas are still becoming available
Progressing - old replicas are pending termination
Progressing - waiting for all steps to complete
Healthy
Trial finished: healthy in 63s
pod "k6-canary-level1-memory-leak-vus10-run5" deleted from demo namespace
=== canary_level1_memory_leak_vus10_run6 ===
rollout.argoproj.io "exp-canary" deleted from demo namespace
service "exp-canary-svc" deleted from demo namespace
rollout.argoproj.io/exp-canary created
service/exp-canary-svc created
Progressing - updated replicas are still becoming available
Healthy
rollout.argoproj.io/exp-canary configured
service/exp-canary-svc unchanged
Starting trial: canary_level1_memory_leak_vus10_run6
Progressing - more replicas need to be updated
Paused - CanaryPauseStep
Progressing - more replicas need to be updated
Paused - CanaryPauseStep
Progressing - more replicas need to be updated
Progressing - updated replicas are still becoming available
Progressing - old replicas are pending termination
Progressing - waiting for all steps to complete
Healthy
Trial finished: healthy in 61s
pod "k6-canary-level1-memory-leak-vus10-run6" deleted from demo namespace
=== canary_level1_memory_leak_vus10_run7 ===
rollout.argoproj.io "exp-canary" deleted from demo namespace
service "exp-canary-svc" deleted from demo namespace
rollout.argoproj.io/exp-canary created
service/exp-canary-svc created
Progressing - updated replicas are still becoming available
Healthy
rollout.argoproj.io/exp-canary configured
service/exp-canary-svc unchanged
Starting trial: canary_level1_memory_leak_vus10_run7
Progressing - more replicas need to be updated
Paused - CanaryPauseStep
Progressing - more replicas need to be updated
Paused - CanaryPauseStep
Progressing - more replicas need to be updated
Progressing - updated replicas are still becoming available
Progressing - old replicas are pending termination
Progressing - waiting for all steps to complete
Healthy
Trial finished: healthy in 60s
pod "k6-canary-level1-memory-leak-vus10-run7" deleted from demo namespace
=== canary_level1_memory_leak_vus10_run8 ===
rollout.argoproj.io "exp-canary" deleted from demo namespace
service "exp-canary-svc" deleted from demo namespace
rollout.argoproj.io/exp-canary created
service/exp-canary-svc created
Progressing - updated replicas are still becoming available
Healthy
rollout.argoproj.io/exp-canary configured
service/exp-canary-svc unchanged
Starting trial: canary_level1_memory_leak_vus10_run8
Progressing - more replicas need to be updated
Paused - CanaryPauseStep
Progressing - more replicas need to be updated
Paused - CanaryPauseStep
Progressing - more replicas need to be updated
Progressing - updated replicas are still becoming available
Progressing - old replicas are pending termination
Progressing - waiting for all steps to complete
Healthy
Trial finished: healthy in 62s
pod "k6-canary-level1-memory-leak-vus10-run8" deleted from demo namespace
=== canary_level1_memory_leak_vus10_run9 ===
rollout.argoproj.io "exp-canary" deleted from demo namespace
service "exp-canary-svc" deleted from demo namespace
rollout.argoproj.io/exp-canary created
service/exp-canary-svc created
Progressing - updated replicas are still becoming available
Healthy
rollout.argoproj.io/exp-canary configured
service/exp-canary-svc unchanged
Starting trial: canary_level1_memory_leak_vus10_run9
Progressing - more replicas need to be updated
Paused - CanaryPauseStep
Progressing - more replicas need to be updated
Paused - CanaryPauseStep
Progressing - more replicas need to be updated
Progressing - updated replicas are still becoming available
Progressing - old replicas are pending termination
Progressing - waiting for all steps to complete
Healthy
Trial finished: healthy in 63s
pod "k6-canary-level1-memory-leak-vus10-run9" deleted from demo namespace
=== canary_level1_memory_leak_vus10_run10 ===
rollout.argoproj.io "exp-canary" deleted from demo namespace
service "exp-canary-svc" deleted from demo namespace
rollout.argoproj.io/exp-canary created
service/exp-canary-svc created
Progressing - updated replicas are still becoming available
Healthy
rollout.argoproj.io/exp-canary configured
service/exp-canary-svc unchanged
Starting trial: canary_level1_memory_leak_vus10_run10
Progressing - more replicas need to be updated
Paused - CanaryPauseStep
Progressing - more replicas need to be updated
Paused - CanaryPauseStep
Progressing - more replicas need to be updated
Progressing - updated replicas are still becoming available
Progressing - old replicas are pending termination
Progressing - updated replicas are still becoming available
Progressing - waiting for all steps to complete
Healthy
Trial finished: healthy in 67s
pod "k6-canary-level1-memory-leak-vus10-run10" deleted from demo namespace
=== canary_level1_memory_leak_vus10_run11 ===
rollout.argoproj.io "exp-canary" deleted from demo namespace
service "exp-canary-svc" deleted from demo namespace
rollout.argoproj.io/exp-canary created
service/exp-canary-svc created
Progressing - updated replicas are still becoming available
Healthy
rollout.argoproj.io/exp-canary configured
service/exp-canary-svc unchanged
Starting trial: canary_level1_memory_leak_vus10_run11
Progressing - more replicas need to be updated
Paused - CanaryPauseStep
Progressing - more replicas need to be updated
Paused - CanaryPauseStep
Progressing - more replicas need to be updated
Progressing - updated replicas are still becoming available
Progressing - old replicas are pending termination
Progressing - waiting for all steps to complete
Healthy
Trial finished: healthy in 61s
pod "k6-canary-level1-memory-leak-vus10-run11" deleted from demo namespace
=== canary_level1_memory_leak_vus10_run12 ===
rollout.argoproj.io "exp-canary" deleted from demo namespace
service "exp-canary-svc" deleted from demo namespace
rollout.argoproj.io/exp-canary created
service/exp-canary-svc created
Progressing - updated replicas are still becoming available
Healthy
rollout.argoproj.io/exp-canary configured
service/exp-canary-svc unchanged
Starting trial: canary_level1_memory_leak_vus10_run12
Progressing - more replicas need to be updated
Paused - CanaryPauseStep
Progressing - more replicas need to be updated
Paused - CanaryPauseStep
Progressing - more replicas need to be updated
Progressing - updated replicas are still becoming available
Progressing - old replicas are pending termination
Progressing - waiting for all steps to complete
Healthy
Trial finished: healthy in 62s
pod "k6-canary-level1-memory-leak-vus10-run12" deleted from demo namespace
=== canary_level1_memory_leak_vus10_run13 ===
rollout.argoproj.io "exp-canary" deleted from demo namespace
service "exp-canary-svc" deleted from demo namespace
rollout.argoproj.io/exp-canary created
service/exp-canary-svc created
Progressing - updated replicas are still becoming available
Healthy
rollout.argoproj.io/exp-canary configured
service/exp-canary-svc unchanged
Starting trial: canary_level1_memory_leak_vus10_run13
Progressing - more replicas need to be updated
Paused - CanaryPauseStep
Progressing - more replicas need to be updated
Paused - CanaryPauseStep
Progressing - more replicas need to be updated
Progressing - updated replicas are still becoming available
Progressing - old replicas are pending termination
Progressing - waiting for all steps to complete
Healthy
Trial finished: healthy in 63s
pod "k6-canary-level1-memory-leak-vus10-run13" deleted from demo namespace
=== canary_level1_memory_leak_vus10_run14 ===
rollout.argoproj.io "exp-canary" deleted from demo namespace
service "exp-canary-svc" deleted from demo namespace
rollout.argoproj.io/exp-canary created
service/exp-canary-svc created
Progressing - updated replicas are still becoming available
Healthy
rollout.argoproj.io/exp-canary configured
service/exp-canary-svc unchanged
Starting trial: canary_level1_memory_leak_vus10_run14
Progressing - more replicas need to be updated
Paused - CanaryPauseStep
Progressing - more replicas need to be updated
Paused - CanaryPauseStep
Progressing - more replicas need to be updated
Progressing - updated replicas are still becoming available
Progressing - old replicas are pending termination
Progressing - waiting for all steps to complete
Healthy
Trial finished: healthy in 63s
pod "k6-canary-level1-memory-leak-vus10-run14" deleted from demo namespace
=== canary_level1_memory_leak_vus10_run15 ===
rollout.argoproj.io "exp-canary" deleted from demo namespace
service "exp-canary-svc" deleted from demo namespace
rollout.argoproj.io/exp-canary created
service/exp-canary-svc created
Progressing - updated replicas are still becoming available
Healthy
rollout.argoproj.io/exp-canary configured
service/exp-canary-svc unchanged
Starting trial: canary_level1_memory_leak_vus10_run15
Progressing - more replicas need to be updated
Paused - CanaryPauseStep
Progressing - more replicas need to be updated
Paused - CanaryPauseStep
Progressing - more replicas need to be updated
Progressing - updated replicas are still becoming available
Progressing - old replicas are pending termination
Progressing - waiting for all steps to complete
Healthy
Trial finished: healthy in 71s
pod "k6-canary-level1-memory-leak-vus10-run15" deleted from demo namespace
=== canary_level1_memory_leak_vus10_run16 ===
rollout.argoproj.io "exp-canary" deleted from demo namespace
service "exp-canary-svc" deleted from demo namespace
rollout.argoproj.io/exp-canary created
service/exp-canary-svc created
Progressing - updated replicas are still becoming available
Healthy
rollout.argoproj.io/exp-canary configured
service/exp-canary-svc unchanged
Starting trial: canary_level1_memory_leak_vus10_run16
Progressing - more replicas need to be updated
Paused - CanaryPauseStep
Progressing - more replicas need to be updated
Paused - CanaryPauseStep
Progressing - more replicas need to be updated
Progressing - updated replicas are still becoming available
Progressing - old replicas are pending termination
Progressing - waiting for all steps to complete
Healthy
Trial finished: healthy in 60s
pod "k6-canary-level1-memory-leak-vus10-run16" deleted from demo namespace
=== canary_level1_memory_leak_vus10_run17 ===
rollout.argoproj.io "exp-canary" deleted from demo namespace
service "exp-canary-svc" deleted from demo namespace
rollout.argoproj.io/exp-canary created
service/exp-canary-svc created
Progressing - updated replicas are still becoming available
Healthy
rollout.argoproj.io/exp-canary configured
service/exp-canary-svc unchanged
Starting trial: canary_level1_memory_leak_vus10_run17
Progressing - more replicas need to be updated
Paused - CanaryPauseStep
Progressing - more replicas need to be updated
Paused - CanaryPauseStep
Progressing - more replicas need to be updated
Progressing - updated replicas are still becoming available
Progressing - old replicas are pending termination
Progressing - waiting for all steps to complete
Healthy
Trial finished: healthy in 62s
pod "k6-canary-level1-memory-leak-vus10-run17" deleted from demo namespace
=== canary_level1_memory_leak_vus10_run18 ===
rollout.argoproj.io "exp-canary" deleted from demo namespace
service "exp-canary-svc" deleted from demo namespace
rollout.argoproj.io/exp-canary created
service/exp-canary-svc created
Progressing - updated replicas are still becoming available
Healthy
rollout.argoproj.io/exp-canary configured
service/exp-canary-svc unchanged
Starting trial: canary_level1_memory_leak_vus10_run18
Progressing - more replicas need to be updated
Paused - CanaryPauseStep
Progressing - more replicas need to be updated
Paused - CanaryPauseStep
Progressing - more replicas need to be updated
Progressing - updated replicas are still becoming available
Progressing - old replicas are pending termination
Progressing - waiting for all steps to complete
Healthy
Trial finished: healthy in 63s
pod "k6-canary-level1-memory-leak-vus10-run18" deleted from demo namespace
=== canary_level1_memory_leak_vus10_run19 ===
rollout.argoproj.io "exp-canary" deleted from demo namespace
service "exp-canary-svc" deleted from demo namespace
rollout.argoproj.io/exp-canary created
service/exp-canary-svc created
Progressing - updated replicas are still becoming available
Healthy
rollout.argoproj.io/exp-canary configured
service/exp-canary-svc unchanged
Starting trial: canary_level1_memory_leak_vus10_run19
Progressing - more replicas need to be updated
Paused - CanaryPauseStep
Progressing - more replicas need to be updated
Paused - CanaryPauseStep
Progressing - more replicas need to be updated
Progressing - updated replicas are still becoming available
Progressing - old replicas are pending termination
Progressing - waiting for all steps to complete
Healthy
Trial finished: healthy in 63s
pod "k6-canary-level1-memory-leak-vus10-run19" deleted from demo namespace
=== canary_level1_memory_leak_vus10_run20 ===
rollout.argoproj.io "exp-canary" deleted from demo namespace
service "exp-canary-svc" deleted from demo namespace
rollout.argoproj.io/exp-canary created
service/exp-canary-svc created
Progressing - updated replicas are still becoming available
Healthy
rollout.argoproj.io/exp-canary configured
service/exp-canary-svc unchanged
Starting trial: canary_level1_memory_leak_vus10_run20
Progressing - more replicas need to be updated
Paused - CanaryPauseStep
Progressing - more replicas need to be updated
Paused - CanaryPauseStep
Progressing - more replicas need to be updated
Progressing - updated replicas are still becoming available
Progressing - old replicas are pending termination
Progressing - waiting for all steps to complete
Healthy
Trial finished: healthy in 66s
pod "k6-canary-level1-memory-leak-vus10-run20" deleted from demo namespace
=== canary_level1_crash_loop_vus10_run1 ===
rollout.argoproj.io "exp-canary" deleted from demo namespace
service "exp-canary-svc" deleted from demo namespace
rollout.argoproj.io/exp-canary created
service/exp-canary-svc created
Progressing - updated replicas are still becoming available
Healthy
rollout.argoproj.io/exp-canary configured
service/exp-canary-svc unchanged
Starting trial: canary_level1_crash_loop_vus10_run1
Progressing - more replicas need to be updated
Paused - CanaryPauseStep
Progressing - more replicas need to be updated
Paused - CanaryPauseStep
Progressing - more replicas need to be updated
Progressing - updated replicas are still becoming available
Progressing - old replicas are pending termination
Progressing - waiting for all steps to complete
Healthy
Trial finished: healthy in 134s
pod "k6-canary-level1-crash-loop-vus10-run1" deleted from demo namespace
=== canary_level1_crash_loop_vus10_run2 ===
rollout.argoproj.io "exp-canary" deleted from demo namespace
service "exp-canary-svc" deleted from demo namespace
rollout.argoproj.io/exp-canary created
service/exp-canary-svc created
Progressing - updated replicas are still becoming available
Healthy
rollout.argoproj.io/exp-canary configured
service/exp-canary-svc unchanged
Starting trial: canary_level1_crash_loop_vus10_run2
Progressing - more replicas need to be updated
Paused - CanaryPauseStep
Progressing - more replicas need to be updated
Paused - CanaryPauseStep
Progressing - more replicas need to be updated
Progressing - updated replicas are still becoming available
Progressing - old replicas are pending termination
Progressing - waiting for all steps to complete
Healthy
Trial finished: healthy in 173s
pod "k6-canary-level1-crash-loop-vus10-run2" deleted from demo namespace
=== canary_level1_crash_loop_vus10_run3 ===
rollout.argoproj.io "exp-canary" deleted from demo namespace
service "exp-canary-svc" deleted from demo namespace
rollout.argoproj.io/exp-canary created
service/exp-canary-svc created
Progressing - updated replicas are still becoming available
Healthy
rollout.argoproj.io/exp-canary configured
service/exp-canary-svc unchanged
Starting trial: canary_level1_crash_loop_vus10_run3
Progressing - more replicas need to be updated
Paused - CanaryPauseStep
Progressing - more replicas need to be updated
Paused - CanaryPauseStep
Progressing - more replicas need to be updated
Progressing - updated replicas are still becoming available
Progressing - old replicas are pending termination
Progressing - waiting for all steps to complete
Healthy
Trial finished: healthy in 140s
pod "k6-canary-level1-crash-loop-vus10-run3" deleted from demo namespace
=== canary_level1_crash_loop_vus10_run4 ===
rollout.argoproj.io "exp-canary" deleted from demo namespace
service "exp-canary-svc" deleted from demo namespace
rollout.argoproj.io/exp-canary created
service/exp-canary-svc created
Progressing - updated replicas are still becoming available
Healthy
rollout.argoproj.io/exp-canary configured
service/exp-canary-svc unchanged
Starting trial: canary_level1_crash_loop_vus10_run4
Progressing - more replicas need to be updated
Paused - CanaryPauseStep
Progressing - more replicas need to be updated
Paused - CanaryPauseStep
Progressing - more replicas need to be updated
Progressing - updated replicas are still becoming available
Progressing - old replicas are pending termination
Progressing - waiting for all steps to complete
Healthy
Trial finished: healthy in 126s
pod "k6-canary-level1-crash-loop-vus10-run4" deleted from demo namespace
=== canary_level1_crash_loop_vus10_run5 ===
rollout.argoproj.io "exp-canary" deleted from demo namespace
service "exp-canary-svc" deleted from demo namespace
rollout.argoproj.io/exp-canary created
service/exp-canary-svc created
Progressing - updated replicas are still becoming available
Healthy
rollout.argoproj.io/exp-canary configured
service/exp-canary-svc unchanged
Starting trial: canary_level1_crash_loop_vus10_run5
Progressing - more replicas need to be updated
Paused - CanaryPauseStep
Progressing - more replicas need to be updated
Paused - CanaryPauseStep
Progressing - more replicas need to be updated
Progressing - updated replicas are still becoming available
Progressing - old replicas are pending termination
Progressing - waiting for all steps to complete
Healthy
Trial finished: healthy in 142s
pod "k6-canary-level1-crash-loop-vus10-run5" deleted from demo namespace
=== canary_level1_crash_loop_vus10_run6 ===
rollout.argoproj.io "exp-canary" deleted from demo namespace
service "exp-canary-svc" deleted from demo namespace
rollout.argoproj.io/exp-canary created
service/exp-canary-svc created
Progressing - updated replicas are still becoming available
Healthy
rollout.argoproj.io/exp-canary configured
service/exp-canary-svc unchanged
Starting trial: canary_level1_crash_loop_vus10_run6
Progressing - more replicas need to be updated
Paused - CanaryPauseStep
Progressing - more replicas need to be updated
Paused - CanaryPauseStep
Progressing - more replicas need to be updated
Progressing - updated replicas are still becoming available
Progressing - old replicas are pending termination
Progressing - updated replicas are still becoming available
Progressing - waiting for all steps to complete
Healthy
Trial finished: healthy in 108s
pod "k6-canary-level1-crash-loop-vus10-run6" deleted from demo namespace
=== canary_level1_crash_loop_vus10_run7 ===
rollout.argoproj.io "exp-canary" deleted from demo namespace
service "exp-canary-svc" deleted from demo namespace
rollout.argoproj.io/exp-canary created
service/exp-canary-svc created
Progressing - updated replicas are still becoming available
Healthy
rollout.argoproj.io/exp-canary configured
service/exp-canary-svc unchanged
Starting trial: canary_level1_crash_loop_vus10_run7
Progressing - more replicas need to be updated
Paused - CanaryPauseStep
Progressing - more replicas need to be updated
Paused - CanaryPauseStep
Progressing - more replicas need to be updated
Progressing - updated replicas are still becoming available
Progressing - old replicas are pending termination
Progressing - updated replicas are still becoming available
Progressing - waiting for all steps to complete
Healthy
Trial finished: healthy in 108s
pod "k6-canary-level1-crash-loop-vus10-run7" deleted from demo namespace
=== canary_level1_crash_loop_vus10_run8 ===
rollout.argoproj.io "exp-canary" deleted from demo namespace
service "exp-canary-svc" deleted from demo namespace
rollout.argoproj.io/exp-canary created
service/exp-canary-svc created
Progressing - updated replicas are still becoming available
Healthy
rollout.argoproj.io/exp-canary configured
service/exp-canary-svc unchanged
Starting trial: canary_level1_crash_loop_vus10_run8
Progressing - more replicas need to be updated
Paused - CanaryPauseStep
Progressing - more replicas need to be updated
Paused - CanaryPauseStep
Progressing - more replicas need to be updated
Progressing - updated replicas are still becoming available
Progressing - old replicas are pending termination
Progressing - waiting for all steps to complete
Healthy
Trial finished: healthy in 106s
pod "k6-canary-level1-crash-loop-vus10-run8" deleted from demo namespace
=== canary_level1_crash_loop_vus10_run9 ===
rollout.argoproj.io "exp-canary" deleted from demo namespace
service "exp-canary-svc" deleted from demo namespace
rollout.argoproj.io/exp-canary created
service/exp-canary-svc created
Progressing - updated replicas are still becoming available
Healthy
rollout.argoproj.io/exp-canary configured
service/exp-canary-svc unchanged
Starting trial: canary_level1_crash_loop_vus10_run9
Progressing - more replicas need to be updated
Paused - CanaryPauseStep
Progressing - more replicas need to be updated
Paused - CanaryPauseStep
Progressing - more replicas need to be updated
Progressing - updated replicas are still becoming available
Progressing - old replicas are pending termination
Progressing - waiting for all steps to complete
Healthy
Trial finished: healthy in 143s
pod "k6-canary-level1-crash-loop-vus10-run9" deleted from demo namespace
=== canary_level1_crash_loop_vus10_run10 ===
rollout.argoproj.io "exp-canary" deleted from demo namespace
service "exp-canary-svc" deleted from demo namespace
rollout.argoproj.io/exp-canary created
service/exp-canary-svc created
Progressing - updated replicas are still becoming available
Healthy
rollout.argoproj.io/exp-canary configured
service/exp-canary-svc unchanged
Starting trial: canary_level1_crash_loop_vus10_run10
Progressing - more replicas need to be updated
Paused - CanaryPauseStep
Progressing - more replicas need to be updated
Paused - CanaryPauseStep
Progressing - more replicas need to be updated
Progressing - updated replicas are still becoming available
Progressing - old replicas are pending termination
Progressing - updated replicas are still becoming available
Progressing - waiting for all steps to complete
Healthy
Trial finished: healthy in 73s
pod "k6-canary-level1-crash-loop-vus10-run10" deleted from demo namespace
=== canary_level1_crash_loop_vus10_run11 ===
rollout.argoproj.io "exp-canary" deleted from demo namespace
service "exp-canary-svc" deleted from demo namespace
rollout.argoproj.io/exp-canary created
service/exp-canary-svc created
Progressing - updated replicas are still becoming available
Healthy
rollout.argoproj.io/exp-canary configured
service/exp-canary-svc unchanged
Starting trial: canary_level1_crash_loop_vus10_run11
Progressing - more replicas need to be updated
Paused - CanaryPauseStep
Progressing - more replicas need to be updated
Paused - CanaryPauseStep
Progressing - more replicas need to be updated
Progressing - updated replicas are still becoming available
Progressing - old replicas are pending termination
Progressing - waiting for all steps to complete
Healthy
Trial finished: healthy in 134s
pod "k6-canary-level1-crash-loop-vus10-run11" deleted from demo namespace
=== canary_level1_crash_loop_vus10_run12 ===
rollout.argoproj.io "exp-canary" deleted from demo namespace
service "exp-canary-svc" deleted from demo namespace
rollout.argoproj.io/exp-canary created
service/exp-canary-svc created
Progressing - updated replicas are still becoming available
Healthy
rollout.argoproj.io/exp-canary configured
service/exp-canary-svc unchanged
Starting trial: canary_level1_crash_loop_vus10_run12
Progressing - more replicas need to be updated
Paused - CanaryPauseStep
Progressing - more replicas need to be updated
Paused - CanaryPauseStep
Progressing - more replicas need to be updated
Progressing - updated replicas are still becoming available
Progressing - old replicas are pending termination
Progressing - updated replicas are still becoming available
Progressing - waiting for all steps to complete
Healthy
Trial finished: healthy in 109s
pod "k6-canary-level1-crash-loop-vus10-run12" deleted from demo namespace
=== canary_level1_crash_loop_vus10_run13 ===
rollout.argoproj.io "exp-canary" deleted from demo namespace
service "exp-canary-svc" deleted from demo namespace
rollout.argoproj.io/exp-canary created
service/exp-canary-svc created
Progressing - updated replicas are still becoming available
Healthy
rollout.argoproj.io/exp-canary configured
service/exp-canary-svc unchanged
Starting trial: canary_level1_crash_loop_vus10_run13
Progressing - more replicas need to be updated
Paused - CanaryPauseStep
Progressing - more replicas need to be updated
Paused - CanaryPauseStep
Progressing - more replicas need to be updated
Progressing - updated replicas are still becoming available
Progressing - old replicas are pending termination
Progressing - updated replicas are still becoming available
Progressing - waiting for all steps to complete
Healthy
Trial finished: healthy in 105s
pod "k6-canary-level1-crash-loop-vus10-run13" deleted from demo namespace
=== canary_level1_crash_loop_vus10_run14 ===
rollout.argoproj.io "exp-canary" deleted from demo namespace
service "exp-canary-svc" deleted from demo namespace
rollout.argoproj.io/exp-canary created
service/exp-canary-svc created
Progressing - updated replicas are still becoming available
Healthy
rollout.argoproj.io/exp-canary configured
service/exp-canary-svc unchanged
Starting trial: canary_level1_crash_loop_vus10_run14
Progressing - more replicas need to be updated
Paused - CanaryPauseStep
Progressing - more replicas need to be updated
Paused - CanaryPauseStep
Progressing - more replicas need to be updated
Progressing - updated replicas are still becoming available
Progressing - old replicas are pending termination
Progressing - updated replicas are still becoming available
Progressing - waiting for all steps to complete
Healthy
Trial finished: healthy in 106s
pod "k6-canary-level1-crash-loop-vus10-run14" deleted from demo namespace
=== canary_level1_crash_loop_vus10_run15 ===
rollout.argoproj.io "exp-canary" deleted from demo namespace
service "exp-canary-svc" deleted from demo namespace
rollout.argoproj.io/exp-canary created
service/exp-canary-svc created
Progressing - updated replicas are still becoming available
Healthy
rollout.argoproj.io/exp-canary configured
service/exp-canary-svc unchanged
Starting trial: canary_level1_crash_loop_vus10_run15
Progressing - more replicas need to be updated
Paused - CanaryPauseStep
Progressing - more replicas need to be updated
Paused - CanaryPauseStep
Progressing - more replicas need to be updated
Progressing - updated replicas are still becoming available
Progressing - old replicas are pending termination
Progressing - waiting for all steps to complete
Healthy
Trial finished: healthy in 135s
pod "k6-canary-level1-crash-loop-vus10-run15" deleted from demo namespace
=== canary_level1_crash_loop_vus10_run16 ===
rollout.argoproj.io "exp-canary" deleted from demo namespace
service "exp-canary-svc" deleted from demo namespace
rollout.argoproj.io/exp-canary created
service/exp-canary-svc created
Progressing - updated replicas are still becoming available
Healthy
rollout.argoproj.io/exp-canary configured
service/exp-canary-svc unchanged
Starting trial: canary_level1_crash_loop_vus10_run16
Progressing - more replicas need to be updated
Paused - CanaryPauseStep
Progressing - more replicas need to be updated
Paused - CanaryPauseStep
Progressing - more replicas need to be updated
Progressing - updated replicas are still becoming available
Progressing - old replicas are pending termination
Progressing - waiting for all steps to complete
Healthy
Trial finished: healthy in 131s
pod "k6-canary-level1-crash-loop-vus10-run16" deleted from demo namespace
=== canary_level1_crash_loop_vus10_run17 ===
rollout.argoproj.io "exp-canary" deleted from demo namespace
service "exp-canary-svc" deleted from demo namespace
rollout.argoproj.io/exp-canary created
service/exp-canary-svc created
Progressing - updated replicas are still becoming available
Healthy
rollout.argoproj.io/exp-canary configured
service/exp-canary-svc unchanged
Starting trial: canary_level1_crash_loop_vus10_run17
Progressing - more replicas need to be updated
Paused - CanaryPauseStep
Progressing - more replicas need to be updated
Paused - CanaryPauseStep
Progressing - more replicas need to be updated
Progressing - updated replicas are still becoming available
Progressing - old replicas are pending termination
Progressing - updated replicas are still becoming available
Progressing - waiting for all steps to complete
Healthy
Trial finished: healthy in 109s
pod "k6-canary-level1-crash-loop-vus10-run17" deleted from demo namespace
=== canary_level1_crash_loop_vus10_run18 ===
rollout.argoproj.io "exp-canary" deleted from demo namespace
service "exp-canary-svc" deleted from demo namespace
rollout.argoproj.io/exp-canary created
service/exp-canary-svc created
Progressing - updated replicas are still becoming available
Healthy
rollout.argoproj.io/exp-canary configured
service/exp-canary-svc unchanged
Starting trial: canary_level1_crash_loop_vus10_run18
Progressing - more replicas need to be updated
Paused - CanaryPauseStep
Progressing - more replicas need to be updated
Paused - CanaryPauseStep
Progressing - more replicas need to be updated
Progressing - updated replicas are still becoming available
Progressing - old replicas are pending termination
Progressing - waiting for all steps to complete
Healthy
Trial finished: healthy in 110s
pod "k6-canary-level1-crash-loop-vus10-run18" deleted from demo namespace
=== canary_level1_crash_loop_vus10_run19 ===
rollout.argoproj.io "exp-canary" deleted from demo namespace
service "exp-canary-svc" deleted from demo namespace
rollout.argoproj.io/exp-canary created
service/exp-canary-svc created
Progressing - updated replicas are still becoming available
Healthy
rollout.argoproj.io/exp-canary configured
service/exp-canary-svc unchanged
Starting trial: canary_level1_crash_loop_vus10_run19
Progressing - more replicas need to be updated
Paused - CanaryPauseStep
Progressing - more replicas need to be updated
Paused - CanaryPauseStep
Progressing - more replicas need to be updated
Progressing - updated replicas are still becoming available
Progressing - old replicas are pending termination
Progressing - waiting for all steps to complete
Healthy
Trial finished: healthy in 124s
pod "k6-canary-level1-crash-loop-vus10-run19" deleted from demo namespace
=== canary_level1_crash_loop_vus10_run20 ===
rollout.argoproj.io "exp-canary" deleted from demo namespace
service "exp-canary-svc" deleted from demo namespace
rollout.argoproj.io/exp-canary created
service/exp-canary-svc created
Progressing - updated replicas are still becoming available
Healthy
rollout.argoproj.io/exp-canary configured
service/exp-canary-svc unchanged
Starting trial: canary_level1_crash_loop_vus10_run20
Progressing - more replicas need to be updated
Paused - CanaryPauseStep
Progressing - more replicas need to be updated
Paused - CanaryPauseStep
Progressing - more replicas need to be updated
Progressing - updated replicas are still becoming available
Progressing - old replicas are pending termination
Progressing - updated replicas are still becoming available
Progressing - waiting for all steps to complete
Healthy
Trial finished: healthy in 102s
pod "k6-canary-level1-crash-loop-vus10-run20" deleted from demo namespace
=== canary_level1_downstream_db_slow_vus10_run1 ===
rollout.argoproj.io "exp-canary" deleted from demo namespace
service "exp-canary-svc" deleted from demo namespace
rollout.argoproj.io/exp-canary created
service/exp-canary-svc created
Progressing - updated replicas are still becoming available
Healthy
rollout.argoproj.io/exp-canary configured
service/exp-canary-svc unchanged
Starting trial: canary_level1_downstream_db_slow_vus10_run1
Progressing - more replicas need to be updated
Paused - CanaryPauseStep
Progressing - more replicas need to be updated
Paused - CanaryPauseStep
Progressing - more replicas need to be updated
Progressing - updated replicas are still becoming available
Progressing - old replicas are pending termination
Progressing - waiting for all steps to complete
Healthy
Trial finished: healthy in 63s
pod "k6-canary-level1-downstream-db-slow-vus10-run1" deleted from demo namespace
=== canary_level1_downstream_db_slow_vus10_run2 ===
rollout.argoproj.io "exp-canary" deleted from demo namespace
service "exp-canary-svc" deleted from demo namespace
rollout.argoproj.io/exp-canary created
service/exp-canary-svc created
Progressing - updated replicas are still becoming available
Healthy
rollout.argoproj.io/exp-canary configured
service/exp-canary-svc unchanged
Starting trial: canary_level1_downstream_db_slow_vus10_run2
Progressing - more replicas need to be updated
Paused - CanaryPauseStep
Progressing - more replicas need to be updated
Paused - CanaryPauseStep
Progressing - more replicas need to be updated
Progressing - updated replicas are still becoming available
Progressing - old replicas are pending termination
Progressing - waiting for all steps to complete
Healthy
Trial finished: healthy in 66s
pod "k6-canary-level1-downstream-db-slow-vus10-run2" deleted from demo namespace
=== canary_level1_downstream_db_slow_vus10_run3 ===
rollout.argoproj.io "exp-canary" deleted from demo namespace
service "exp-canary-svc" deleted from demo namespace
rollout.argoproj.io/exp-canary created
service/exp-canary-svc created
Progressing - updated replicas are still becoming available
Healthy
rollout.argoproj.io/exp-canary configured
service/exp-canary-svc unchanged
Starting trial: canary_level1_downstream_db_slow_vus10_run3
Progressing - more replicas need to be updated
Paused - CanaryPauseStep
Progressing - more replicas need to be updated
Paused - CanaryPauseStep
Progressing - more replicas need to be updated
Progressing - updated replicas are still becoming available
Progressing - old replicas are pending termination
Progressing - waiting for all steps to complete
Healthy
Trial finished: healthy in 60s
pod "k6-canary-level1-downstream-db-slow-vus10-run3" deleted from demo namespace
=== canary_level1_downstream_db_slow_vus10_run4 ===
rollout.argoproj.io "exp-canary" deleted from demo namespace
service "exp-canary-svc" deleted from demo namespace
rollout.argoproj.io/exp-canary created
service/exp-canary-svc created
Progressing - updated replicas are still becoming available
Healthy
rollout.argoproj.io/exp-canary configured
service/exp-canary-svc unchanged
Starting trial: canary_level1_downstream_db_slow_vus10_run4
Progressing - more replicas need to be updated
Paused - CanaryPauseStep
Progressing - more replicas need to be updated
Paused - CanaryPauseStep
Progressing - more replicas need to be updated
Progressing - updated replicas are still becoming available
Progressing - old replicas are pending termination
Progressing - waiting for all steps to complete
Healthy
Trial finished: healthy in 62s
pod "k6-canary-level1-downstream-db-slow-vus10-run4" deleted from demo namespace
=== canary_level1_downstream_db_slow_vus10_run5 ===
rollout.argoproj.io "exp-canary" deleted from demo namespace
service "exp-canary-svc" deleted from demo namespace
rollout.argoproj.io/exp-canary created
service/exp-canary-svc created
Progressing - updated replicas are still becoming available
Healthy
rollout.argoproj.io/exp-canary configured
service/exp-canary-svc unchanged
Starting trial: canary_level1_downstream_db_slow_vus10_run5
Progressing - more replicas need to be updated
Paused - CanaryPauseStep
Progressing - more replicas need to be updated
Paused - CanaryPauseStep
Progressing - more replicas need to be updated
Progressing - updated replicas are still becoming available
Progressing - old replicas are pending termination
Progressing - waiting for all steps to complete
Healthy
Trial finished: healthy in 63s
pod "k6-canary-level1-downstream-db-slow-vus10-run5" deleted from demo namespace
=== canary_level1_downstream_db_slow_vus10_run6 ===
rollout.argoproj.io "exp-canary" deleted from demo namespace
service "exp-canary-svc" deleted from demo namespace
rollout.argoproj.io/exp-canary created
service/exp-canary-svc created
Progressing - updated replicas are still becoming available
Healthy
rollout.argoproj.io/exp-canary configured
service/exp-canary-svc unchanged
Starting trial: canary_level1_downstream_db_slow_vus10_run6
Progressing - more replicas need to be updated
Paused - CanaryPauseStep
Progressing - more replicas need to be updated
Paused - CanaryPauseStep
Progressing - more replicas need to be updated
Progressing - updated replicas are still becoming available
Progressing - old replicas are pending termination
Progressing - waiting for all steps to complete
Healthy
Trial finished: healthy in 63s
pod "k6-canary-level1-downstream-db-slow-vus10-run6" deleted from demo namespace
=== canary_level1_downstream_db_slow_vus10_run7 ===
rollout.argoproj.io "exp-canary" deleted from demo namespace
service "exp-canary-svc" deleted from demo namespace
rollout.argoproj.io/exp-canary created
service/exp-canary-svc created
Progressing - updated replicas are still becoming available
Healthy
rollout.argoproj.io/exp-canary configured
service/exp-canary-svc unchanged
Starting trial: canary_level1_downstream_db_slow_vus10_run7
Progressing - more replicas need to be updated
Paused - CanaryPauseStep
Progressing - more replicas need to be updated
Paused - CanaryPauseStep
Progressing - more replicas need to be updated
Progressing - updated replicas are still becoming available
Progressing - old replicas are pending termination
Progressing - waiting for all steps to complete
Healthy
Trial finished: healthy in 66s
pod "k6-canary-level1-downstream-db-slow-vus10-run7" deleted from demo namespace
=== canary_level1_downstream_db_slow_vus10_run8 ===
rollout.argoproj.io "exp-canary" deleted from demo namespace
service "exp-canary-svc" deleted from demo namespace
rollout.argoproj.io/exp-canary created
service/exp-canary-svc created
Progressing - updated replicas are still becoming available
Healthy
rollout.argoproj.io/exp-canary configured
service/exp-canary-svc unchanged
Starting trial: canary_level1_downstream_db_slow_vus10_run8
Progressing - more replicas need to be updated
Paused - CanaryPauseStep
Progressing - more replicas need to be updated
Paused - CanaryPauseStep
Progressing - more replicas need to be updated
Progressing - updated replicas are still becoming available
Progressing - old replicas are pending termination
Progressing - waiting for all steps to complete
Healthy
Trial finished: healthy in 60s
pod "k6-canary-level1-downstream-db-slow-vus10-run8" deleted from demo namespace
=== canary_level1_downstream_db_slow_vus10_run9 ===
rollout.argoproj.io "exp-canary" deleted from demo namespace
service "exp-canary-svc" deleted from demo namespace
rollout.argoproj.io/exp-canary created
service/exp-canary-svc created
Progressing - updated replicas are still becoming available
Healthy
rollout.argoproj.io/exp-canary configured
service/exp-canary-svc unchanged
Starting trial: canary_level1_downstream_db_slow_vus10_run9
Progressing - more replicas need to be updated
Paused - CanaryPauseStep
Progressing - more replicas need to be updated
Paused - CanaryPauseStep
Progressing - more replicas need to be updated
Progressing - updated replicas are still becoming available
Progressing - old replicas are pending termination
Progressing - waiting for all steps to complete
Healthy
Trial finished: healthy in 62s
pod "k6-canary-level1-downstream-db-slow-vus10-run9" deleted from demo namespace
=== canary_level1_downstream_db_slow_vus10_run10 ===
rollout.argoproj.io "exp-canary" deleted from demo namespace
service "exp-canary-svc" deleted from demo namespace
rollout.argoproj.io/exp-canary created
service/exp-canary-svc created
Progressing - updated replicas are still becoming available
Healthy
rollout.argoproj.io/exp-canary configured
service/exp-canary-svc unchanged
Starting trial: canary_level1_downstream_db_slow_vus10_run10
Progressing - more replicas need to be updated
Paused - CanaryPauseStep
Progressing - more replicas need to be updated
Paused - CanaryPauseStep
Progressing - more replicas need to be updated
Progressing - updated replicas are still becoming available
Progressing - old replicas are pending termination
Progressing - waiting for all steps to complete
Healthy
Trial finished: healthy in 63s
pod "k6-canary-level1-downstream-db-slow-vus10-run10" deleted from demo namespace
=== canary_level1_downstream_db_slow_vus10_run11 ===
rollout.argoproj.io "exp-canary" deleted from demo namespace
service "exp-canary-svc" deleted from demo namespace
rollout.argoproj.io/exp-canary created
service/exp-canary-svc created
Progressing - updated replicas are still becoming available
Healthy
rollout.argoproj.io/exp-canary configured
service/exp-canary-svc unchanged
Starting trial: canary_level1_downstream_db_slow_vus10_run11
Progressing - more replicas need to be updated
Paused - CanaryPauseStep
Progressing - more replicas need to be updated
Paused - CanaryPauseStep
Progressing - more replicas need to be updated
Progressing - updated replicas are still becoming available
Progressing - old replicas are pending termination
Progressing - waiting for all steps to complete
Healthy
Trial finished: healthy in 63s
pod "k6-canary-level1-downstream-db-slow-vus10-run11" deleted from demo namespace
=== canary_level1_downstream_db_slow_vus10_run12 ===
rollout.argoproj.io "exp-canary" deleted from demo namespace
service "exp-canary-svc" deleted from demo namespace
rollout.argoproj.io/exp-canary created
service/exp-canary-svc created
Progressing - updated replicas are still becoming available
Healthy
rollout.argoproj.io/exp-canary configured
service/exp-canary-svc unchanged
Starting trial: canary_level1_downstream_db_slow_vus10_run12
Progressing - more replicas need to be updated
Paused - CanaryPauseStep
Progressing - more replicas need to be updated
Paused - CanaryPauseStep
Progressing - more replicas need to be updated
Progressing - updated replicas are still becoming available
Progressing - old replicas are pending termination
Progressing - waiting for all steps to complete
Healthy
Trial finished: healthy in 61s
pod "k6-canary-level1-downstream-db-slow-vus10-run12" deleted from demo namespace
=== canary_level1_downstream_db_slow_vus10_run13 ===
rollout.argoproj.io "exp-canary" deleted from demo namespace
service "exp-canary-svc" deleted from demo namespace
rollout.argoproj.io/exp-canary created
service/exp-canary-svc created
Progressing - updated replicas are still becoming available
Healthy
rollout.argoproj.io/exp-canary configured
service/exp-canary-svc unchanged
Starting trial: canary_level1_downstream_db_slow_vus10_run13
Progressing - more replicas need to be updated
Paused - CanaryPauseStep
Progressing - more replicas need to be updated
Paused - CanaryPauseStep
Progressing - more replicas need to be updated
Progressing - updated replicas are still becoming available
Progressing - old replicas are pending termination
Progressing - waiting for all steps to complete
Healthy
Trial finished: healthy in 60s
pod "k6-canary-level1-downstream-db-slow-vus10-run13" deleted from demo namespace
=== canary_level1_downstream_db_slow_vus10_run14 ===
rollout.argoproj.io "exp-canary" deleted from demo namespace
service "exp-canary-svc" deleted from demo namespace
rollout.argoproj.io/exp-canary created
service/exp-canary-svc created
Progressing - updated replicas are still becoming available
Healthy
rollout.argoproj.io/exp-canary configured
service/exp-canary-svc unchanged
Starting trial: canary_level1_downstream_db_slow_vus10_run14
Progressing - more replicas need to be updated
Paused - CanaryPauseStep
Progressing - more replicas need to be updated
Paused - CanaryPauseStep
Progressing - more replicas need to be updated
Progressing - updated replicas are still becoming available
Progressing - old replicas are pending termination
Progressing - waiting for all steps to complete
Healthy
Trial finished: healthy in 62s
pod "k6-canary-level1-downstream-db-slow-vus10-run14" deleted from demo namespace
=== canary_level1_downstream_db_slow_vus10_run15 ===
rollout.argoproj.io "exp-canary" deleted from demo namespace
service "exp-canary-svc" deleted from demo namespace
rollout.argoproj.io/exp-canary created
service/exp-canary-svc created
Progressing - updated replicas are still becoming available
Healthy
rollout.argoproj.io/exp-canary configured
service/exp-canary-svc unchanged
Starting trial: canary_level1_downstream_db_slow_vus10_run15
Progressing - more replicas need to be updated
Paused - CanaryPauseStep
Progressing - more replicas need to be updated
Paused - CanaryPauseStep
Progressing - more replicas need to be updated
Progressing - updated replicas are still becoming available
Progressing - old replicas are pending termination
Progressing - waiting for all steps to complete
Healthy
Trial finished: healthy in 63s
pod "k6-canary-level1-downstream-db-slow-vus10-run15" deleted from demo namespace
=== canary_level1_downstream_db_slow_vus10_run16 ===
rollout.argoproj.io "exp-canary" deleted from demo namespace
service "exp-canary-svc" deleted from demo namespace
rollout.argoproj.io/exp-canary created
service/exp-canary-svc created
Progressing - updated replicas are still becoming available
Healthy
rollout.argoproj.io/exp-canary configured
service/exp-canary-svc unchanged
Starting trial: canary_level1_downstream_db_slow_vus10_run16
Progressing - more replicas need to be updated
Paused - CanaryPauseStep
Progressing - more replicas need to be updated
Paused - CanaryPauseStep
Progressing - more replicas need to be updated
Progressing - updated replicas are still becoming available
Progressing - old replicas are pending termination
Progressing - waiting for all steps to complete
Healthy
Trial finished: healthy in 63s
pod "k6-canary-level1-downstream-db-slow-vus10-run16" deleted from demo namespace
=== canary_level1_downstream_db_slow_vus10_run17 ===
rollout.argoproj.io "exp-canary" deleted from demo namespace
service "exp-canary-svc" deleted from demo namespace
rollout.argoproj.io/exp-canary created
service/exp-canary-svc created
Progressing - updated replicas are still becoming available
Healthy
rollout.argoproj.io/exp-canary configured
service/exp-canary-svc unchanged
Starting trial: canary_level1_downstream_db_slow_vus10_run17
Progressing - more replicas need to be updated
Paused - CanaryPauseStep
Progressing - more replicas need to be updated
Paused - CanaryPauseStep
Progressing - more replicas need to be updated
Progressing - updated replicas are still becoming available
Progressing - old replicas are pending termination
Progressing - waiting for all steps to complete
Healthy
Trial finished: healthy in 61s
pod "k6-canary-level1-downstream-db-slow-vus10-run17" deleted from demo namespace
=== canary_level1_downstream_db_slow_vus10_run18 ===
rollout.argoproj.io "exp-canary" deleted from demo namespace
service "exp-canary-svc" deleted from demo namespace
rollout.argoproj.io/exp-canary created
service/exp-canary-svc created
Progressing - updated replicas are still becoming available
Healthy
rollout.argoproj.io/exp-canary configured
service/exp-canary-svc unchanged
Starting trial: canary_level1_downstream_db_slow_vus10_run18
Progressing - more replicas need to be updated
Paused - CanaryPauseStep
Progressing - more replicas need to be updated
Paused - CanaryPauseStep
Progressing - more replicas need to be updated
Progressing - updated replicas are still becoming available
Progressing - old replicas are pending termination
Progressing - waiting for all steps to complete
Healthy
Trial finished: healthy in 60s
pod "k6-canary-level1-downstream-db-slow-vus10-run18" deleted from demo namespace
=== canary_level1_downstream_db_slow_vus10_run19 ===
rollout.argoproj.io "exp-canary" deleted from demo namespace
service "exp-canary-svc" deleted from demo namespace
rollout.argoproj.io/exp-canary created
service/exp-canary-svc created
Progressing - updated replicas are still becoming available
Healthy
rollout.argoproj.io/exp-canary configured
service/exp-canary-svc unchanged
Starting trial: canary_level1_downstream_db_slow_vus10_run19
Progressing - more replicas need to be updated
Paused - CanaryPauseStep
Progressing - more replicas need to be updated
Paused - CanaryPauseStep
Progressing - more replicas need to be updated
Progressing - updated replicas are still becoming available
Progressing - old replicas are pending termination
Progressing - waiting for all steps to complete
Healthy
Trial finished: healthy in 62s
pod "k6-canary-level1-downstream-db-slow-vus10-run19" deleted from demo namespace
=== canary_level1_downstream_db_slow_vus10_run20 ===
rollout.argoproj.io "exp-canary" deleted from demo namespace
service "exp-canary-svc" deleted from demo namespace
rollout.argoproj.io/exp-canary created
service/exp-canary-svc created
Progressing - updated replicas are still becoming available
Healthy
rollout.argoproj.io/exp-canary configured
service/exp-canary-svc unchanged
Starting trial: canary_level1_downstream_db_slow_vus10_run20
Progressing - more replicas need to be updated
Paused - CanaryPauseStep
Progressing - more replicas need to be updated
Paused - CanaryPauseStep
Progressing - more replicas need to be updated
Progressing - updated replicas are still becoming available
Progressing - old replicas are pending termination
Progressing - waiting for all steps to complete
Healthy
Trial finished: healthy in 63s
pod "k6-canary-level1-downstream-db-slow-vus10-run20" deleted from demo namespace
Batch complete: canary_level1
